CoC Number,CoC Name,"Overall Homeless, 2013","Sheltered ES Homeless, 2013","Sheltered TH Homeless, 2013","Sheltered SH Homeless, 2013","Sheltered Total Homeless, 2013","Unsheltered Homeless, 2013","Overall Homeless Individuals, 2013","Overall Homeless Individuals - Under 18, 2013","Sheltered ES Homeless Individuals, 2013","Sheltered ES Homeless Individuals - Under 18, 2013","Sheltered TH Homeless Individuals, 2013","Sheltered TH Homeless Individuals - Under 18, 2013","Sheltered SH Homeless Individuals, 2013","Sheltered Total Homeless Individuals, 2013","Sheltered Total Homeless Individuals - Under 18, 2013","Unsheltered Homeless Individuals, 2013","Unsheltered Homeless Individuals - Under 18, 2013","Overall Homeless People in Families, 2013","Sheltered ES Homeless People in Families, 2013","Sheltered TH Homeless People in Families, 2013","Sheltered Total Homeless People in Families, 2013","Unsheltered Homeless People in Families, 2013","Overall Homeless Family Households, 2013","Sheltered ES Homeless Family Households, 2013","Sheltered TH Homeless Family Households, 2013","Sheltered Total Homeless Family Households, 2013","Unsheltered Homeless Family Households, 2013","Overall Chronically Homeless, 2013","Sheltered ES Chronically Homeless, 2013","Sheltered SH Chronically Homeless, 2013","Sheltered Total Chronically Homeless, 2013","Unsheltered Chronically Homeless, 2013","Overall Chronically Homeless Individuals, 2013","Sheltered ES Chronically Homeless Individuals, 2013","Sheltered SH Chronically Homeless Individuals, 2013","Sheltered Total Chronically Homeless Individuals, 2013","Unsheltered Chronically Homeless Individuals, 2013","Overall Chronically Homeless People in Families, 2013","Sheltered ES Chronically Homeless People in Families, 2013","Sheltered Total Chronically Homeless People in Families, 2013","Unsheltered Chronically Homeless People in Families, 2013","Overall Homeless Veterans, 2013","Sheltered Total Homeless Veterans, 2013","Unsheltered Homeless Veterans, 2013"
AK-500,Anchorage CoC,"1,122",676,394,0,"1,070",52,844,2,553,2,239,0,0,792,2,52,0,278,123,155,278,0,87,38,49,87,0,89,68,0,68,21,83,62,0,62,21,6,6,6,0,144,138,6
AK-501,Alaska Balance of State CoC,824,461,210,0,671,153,518,16,282,8,134,4,0,416,12,102,4,306,179,76,255,51,109,67,28,95,14,95,70,0,70,25,83,62,0,62,21,12,8,8,4,66,50,16
AL-500,"Birmingham/Jefferson, St. Clair, Shelby Counties CoC","1,469",373,556,31,960,509,"1,089",10,294,5,352,0,31,677,5,412,5,380,79,204,283,97,131,25,63,88,43,427,126,30,156,271,411,115,30,145,266,16,11,11,5,194,155,39
AL-501,Mobile City & County/Baldwin County CoC,493,153,107,0,260,233,343,0,99,0,23,0,0,122,0,221,0,150,54,84,138,12,51,18,28,46,5,91,10,0,10,81,89,8,0,8,81,2,2,2,0,41,5,36
AL-502,Florence/Northwest Alabama CoC,223,22,175,0,197,26,133,0,11,0,105,0,0,116,0,17,0,90,11,70,81,9,24,3,19,22,2,30,10,0,10,20,14,5,0,5,9,16,5,5,11,2,0,2
AL-503,Huntsville/North Alabama CoC,586,320,89,0,409,177,457,0,262,0,33,0,0,295,0,162,0,129,58,56,114,15,41,20,17,37,4,120,46,0,46,74,114,44,0,44,70,6,2,2,4,77,33,44
AL-504,Montgomery City & County CoC,515,159,240,0,399,116,446,0,136,0,194,0,0,330,0,116,0,69,23,46,69,0,21,6,15,21,0,69,11,0,11,58,69,11,0,11,58,0,0,0,0,59,44,15
AL-505,Gadsden/Northeast Alabama CoC,399,159,170,0,329,70,275,4,66,4,165,0,0,231,4,44,0,124,93,5,98,26,61,46,2,48,13,40,20,0,20,20,20,10,0,10,10,20,10,10,10,31,26,5
AL-506,Tuscaloosa City & County CoC,99,11,84,0,95,4,72,0,9,0,59,0,0,68,0,4,0,27,2,25,27,0,6,1,5,6,0,9,5,0,5,4,9,5,0,5,4,0,0,0,0,66,66,0
AL-507,Alabama Balance of State CoC,905,358,239,0,597,308,572,66,174,28,199,0,0,373,28,199,38,333,184,40,224,109,160,87,20,107,53,72,37,0,37,35,42,21,0,21,21,30,16,16,14,41,34,7
AR-500,Little Rock/Central Arkansas CoC,"1,066",244,319,0,563,503,986,0,228,0,255,0,0,483,0,503,0,80,16,64,80,0,27,5,22,27,0,373,69,0,69,304,364,60,0,60,304,9,9,9,0,260,204,56
AR-501,Fayetteville/Northwest Arkansas CoC,668,313,133,0,446,222,379,42,94,34,108,8,0,202,42,177,0,289,219,25,244,45,98,73,10,83,15,65,27,0,27,38,47,9,0,9,38,18,18,18,0,147,90,57
AR-503,Arkansas  Balance of State  CoC,"2,014",417,175,0,592,"1,422","1,775",0,296,0,163,0,0,459,0,"1,316",0,239,121,12,133,106,84,38,5,43,41,160,71,0,71,89,150,69,0,69,81,10,2,2,8,55,32,23
AR-505,Southeast Arkansas CoC,64,63,0,0,63,1,34,12,33,12,0,0,0,33,12,1,0,30,30,0,30,0,9,9,0,9,0,4,4,0,4,0,4,4,0,4,0,0,0,0,0,0,0,0
AZ-500,Arizona Balance of State CoC,"2,435",915,471,0,"1,386","1,049","1,448",4,403,0,172,2,0,575,2,873,2,987,512,299,811,176,281,121,109,230,51,329,168,0,168,161,239,120,0,120,119,90,48,48,42,389,264,125
AZ-501,Tucson/Pima County CoC,"2,238",801,923,13,"1,737",501,"1,602",20,618,17,488,3,13,"1,119",20,483,0,636,183,435,618,18,209,59,142,201,8,360,153,13,166,194,343,140,13,153,190,17,13,13,4,322,249,73
AZ-502,"Phoenix, Mesa/Maricopa County CoC","5,889","2,177","2,106",25,"4,308","1,581","3,460",25,"1,437",6,506,13,25,"1,968",19,"1,492",6,"2,429",740,"1,600","2,340",89,801,246,533,779,22,499,161,25,186,313,482,152,25,177,305,17,9,9,8,511,388,123
CA-500,San Jose/Santa Clara City & County CoC,"7,631",918,"1,023",16,"1,957","5,674","6,564",203,623,10,307,10,16,946,20,"5,618",183,"1,067",295,716,"1,011",56,349,124,208,332,17,"2,518",252,7,259,"2,259","2,509",252,7,259,"2,250",9,0,0,9,718,139,579
CA-501,San Francisco CoC,"7,008","1,919",720,54,"2,693","4,315","6,329",134,"1,545",6,448,3,54,"2,047",9,"4,282",125,679,374,272,646,33,229,121,97,218,11,"2,093",583,0,583,"1,510","1,977",483,0,483,"1,494",116,100,100,16,716,294,422
CA-502,"Oakland, Berkeley/Alameda County CoC","4,264",914,"1,013",0,"1,927","2,337","2,922",10,548,8,255,2,0,803,10,"2,119",0,"1,342",366,758,"1,124",218,462,126,294,420,42,"1,054",200,0,200,854,931,171,0,171,760,123,29,29,94,492,139,353
CA-503,Sacramento City & County CoC,"2,538",808,944,0,"1,752",786,"1,737",8,435,4,521,0,0,956,4,781,4,801,373,423,796,5,249,108,140,248,1,440,155,0,155,285,432,147,0,147,285,8,8,8,0,302,166,136
CA-504,"Santa Rosa, Petaluma/Sonoma County CoC","4,280",504,467,0,971,"3,309","3,829",277,374,6,200,0,0,574,6,"3,255",271,451,130,267,397,54,152,51,85,136,16,"1,168",134,0,134,"1,034","1,148",119,0,119,"1,029",20,15,15,5,400,57,343
CA-505,Richmond/Contra Costa County CoC,"2,000",414,257,0,671,"1,329","1,703",25,300,3,74,9,0,374,12,"1,329",13,297,114,183,297,0,102,41,61,102,0,754,160,0,160,594,714,141,0,141,573,40,19,19,21,188,53,135
CA-506,"Salinas/Monterey, San Benito Counties CoC","2,955",355,394,0,749,"2,206","2,292",15,194,0,173,0,0,367,0,"1,925",15,663,161,221,382,281,247,44,77,121,126,"1,038",178,0,178,860,866,85,0,85,781,172,93,93,79,250,89,161
CA-507,Marin County CoC,676,188,317,0,505,171,438,1,148,0,119,0,0,267,0,171,1,238,40,198,238,0,78,10,68,78,0,89,26,0,26,63,87,24,0,24,63,2,2,2,0,54,28,26
CA-508,Watsonville/Santa Cruz City & County CoC,"3,536",402,239,0,641,"2,895","2,992",133,253,6,45,0,0,298,6,"2,694",127,544,149,194,343,201,165,39,65,104,61,989,74,0,74,915,957,74,0,74,883,32,0,0,32,395,52,343
CA-509,Mendocino County CoC,"1,392",106,68,0,174,"1,218","1,267",1,91,1,38,0,0,129,1,"1,138",0,125,15,30,45,80,34,4,12,16,18,227,29,0,29,198,171,23,0,23,148,56,6,6,50,55,15,40
CA-510,"Turlock, Modesto/Stanislaus County CoC","1,201",337,219,0,556,645,941,9,284,9,175,0,0,459,9,482,0,260,53,44,97,163,74,17,16,33,41,205,65,0,65,140,127,61,0,61,66,78,4,4,74,87,44,43
CA-511,Stockton/San Joaquin County CoC,"1,541",760,518,0,"1,278",263,794,2,480,2,76,0,0,556,2,238,0,747,280,442,722,25,230,93,129,222,8,204,137,0,137,67,178,114,0,114,64,26,23,23,3,83,61,22
CA-512,Daly/San Mateo County CoC,"1,995",240,456,0,696,"1,299","1,374",14,177,6,142,3,0,319,9,"1,055",5,621,63,314,377,244,180,22,93,115,65,889,32,0,32,857,715,29,0,29,686,174,3,3,171,245,114,131
CA-513,"Visalia/Kings, Tulare Counties CoC",705,182,227,0,409,296,547,0,117,0,142,0,0,259,0,288,0,158,65,85,150,8,47,21,24,45,2,187,11,0,11,176,143,11,0,11,132,44,0,0,44,43,14,29
CA-514,Fresno City & County/Madera County CoC,"3,131",184,388,22,594,"2,537","2,421",7,117,3,147,4,22,286,7,"2,135",0,710,67,241,308,402,302,24,77,101,201,793,34,10,44,749,363,32,10,42,321,430,2,2,428,338,81,257
CA-515,"Roseville, Rocklin/Placer County CoC",908,196,189,0,385,523,689,0,130,0,81,0,0,211,0,478,0,219,66,108,174,45,77,20,41,61,16,222,39,0,39,183,202,35,0,35,167,20,4,4,16,92,32,60
CA-516,"Redding/Shasta, Siskiyou, Lassen, Plumas, Del Norte, Modoc, Sierra Counties CoC",851,260,244,0,504,347,631,0,178,0,183,0,0,361,0,270,0,220,82,61,143,77,60,16,28,44,16,199,87,0,87,112,125,54,0,54,71,74,33,33,41,203,117,86
CA-517,Napa City & County CoC,245,119,58,0,177,68,168,1,84,0,16,0,0,100,0,68,1,77,35,42,77,0,26,11,15,26,0,81,46,0,46,35,64,37,0,37,27,17,9,9,8,19,9,10
CA-518,Vallejo/Solano County CoC,"1,329",193,247,0,440,889,"1,163",7,139,5,187,2,0,326,7,837,0,166,54,60,114,52,70,21,28,49,21,414,109,0,109,305,291,102,0,102,189,123,7,7,116,88,55,33
CA-519,"Chico, Paradise/Butte County CoC",712,179,110,0,289,423,599,4,150,0,36,0,0,186,0,413,4,113,29,74,103,10,34,9,21,30,4,312,48,0,48,264,312,48,0,48,264,0,0,0,0,101,46,55
CA-520,Merced City & County CoC,372,86,31,0,117,255,345,4,69,0,21,0,0,90,0,255,4,27,17,10,27,0,11,7,4,11,0,181,59,0,59,122,181,59,0,59,122,0,0,0,0,26,6,20
CA-521,"Davis, Woodland/Yolo County CoC",474,107,169,0,276,198,345,0,74,0,73,0,0,147,0,198,0,129,33,96,129,0,36,9,27,36,0,134,37,0,37,97,134,37,0,37,97,0,0,0,0,44,24,20
CA-522,Humboldt County CoC,864,55,125,0,180,684,600,33,27,6,70,9,0,97,15,503,18,264,28,55,83,181,64,9,17,26,38,276,26,0,26,250,138,11,0,11,127,138,15,15,123,129,49,80
CA-523,"Colusa, Glenn, Trinity Counties CoC",696,183,89,0,272,424,487,1,103,0,48,0,0,151,0,336,1,209,80,41,121,88,65,25,14,39,26,303,85,0,85,218,252,53,0,53,199,51,32,32,19,67,25,42
CA-524,Yuba City & County/Sutter County CoC,"1,485",344,762,0,"1,106",379,750,273,142,44,398,130,0,540,174,210,99,735,202,364,566,169,319,92,155,247,72,104,51,0,51,53,66,30,0,30,36,38,21,21,17,32,24,8
CA-525,El Dorado County CoC,180,27,104,0,131,49,141,4,21,4,75,0,0,96,4,45,0,39,6,29,35,4,17,2,13,15,2,55,17,0,17,38,47,11,0,11,36,8,6,6,2,6,5,1
CA-526,"Amador, Calaveras, Mariposa, Tuolumne Counties CoC",376,99,37,0,136,240,257,1,28,0,4,0,0,32,0,225,1,119,71,33,104,15,34,20,10,30,4,130,20,0,20,110,130,20,0,20,110,0,0,0,0,37,9,28
CA-600,Los Angeles City & County CoC,"35,524","6,468","6,445",21,"12,934","22,590","28,846",817,"4,215",47,"4,091",54,21,"8,327",101,"20,519",716,"6,678","2,253","2,354","4,607","2,071","2,223",734,805,"1,539",684,"8,702","1,187",4,"1,191","7,511","7,475",819,4,823,"6,652","1,227",368,368,859,"4,007","1,450","2,557"
CA-601,San Diego City and County CoC,"8,879",947,"3,311",47,"4,305","4,574","7,013",43,679,10,"1,891",20,47,"2,617",30,"4,396",13,"1,866",268,"1,420","1,688",178,597,88,460,548,49,"2,531",206,28,234,"2,297","2,472",196,28,224,"2,248",59,10,10,49,"1,486",798,688
CA-602,"Santa Ana, Anaheim/Orange County CoC","4,251","1,145","1,428",0,"2,573","1,678","2,712",14,631,13,406,0,0,"1,037",13,"1,675",1,"1,539",514,"1,022","1,536",3,523,169,353,522,1,829,156,0,156,673,797,129,0,129,668,32,27,27,5,446,177,269
CA-603,Santa Maria/Santa Barbara County CoC,"1,882",471,433,0,904,978,"1,464",5,335,5,261,0,0,596,5,868,0,418,136,172,308,110,122,35,53,88,34,913,379,0,379,534,693,257,0,257,436,220,122,122,98,124,48,76
CA-604,Bakersfield/Kern County CoC,"1,152",378,169,0,547,605,924,0,245,0,128,0,0,373,0,551,0,228,133,41,174,54,73,41,12,53,20,286,41,0,41,245,261,36,0,36,225,25,5,5,20,135,70,65
CA-606,Long Beach CoC,"2,847",389,555,24,968,"1,879","2,322",2,290,0,386,0,24,700,0,"1,622",2,525,99,169,268,257,169,34,54,88,81,"1,112",129,24,153,959,"1,026",125,24,149,877,86,4,4,82,527,363,164
CA-607,Pasadena CoC,772,267,112,0,379,393,503,2,148,0,61,0,0,209,0,294,2,269,119,51,170,99,93,45,16,61,32,217,12,0,12,205,205,0,0,0,205,12,12,12,0,61,16,45
CA-608,Riverside City & County CoC,"2,978",550,540,0,"1,090","1,888","2,374",18,406,14,224,0,0,630,14,"1,744",4,604,144,316,460,144,180,43,92,135,45,"1,117",47,0,47,"1,070","1,025",30,0,30,995,92,17,17,75,285,104,181
CA-609,San Bernardino City & County CoC,"2,321",518,556,0,"1,074","1,247","1,401",23,198,6,86,0,0,284,6,"1,117",17,920,320,470,790,130,192,62,94,156,36,596,114,0,114,482,513,80,0,80,433,83,34,34,49,184,52,132
CA-611,"Oxnard, San Buenaventura/Ventura County CoC","1,674",334,256,10,600,"1,074","1,294",22,278,6,86,6,10,374,12,920,10,380,56,170,226,154,114,20,47,67,47,797,56,6,62,735,710,50,6,56,654,87,6,6,81,140,22,118
CA-612,Glendale CoC,318,124,87,0,211,107,200,0,97,0,0,0,0,97,0,103,0,118,27,87,114,4,39,9,29,38,1,108,62,0,62,46,89,43,0,43,46,19,19,19,0,23,11,12
CA-613,Imperial County CoC,252,89,59,0,148,104,161,0,63,0,0,0,0,63,0,98,0,91,26,59,85,6,30,8,20,28,2,138,52,0,52,86,93,33,0,33,60,45,19,19,26,7,4,3
CA-614,San Luis Obispo County CoC,"2,357",169,66,0,235,"2,122","1,919",31,104,0,38,0,0,142,0,"1,777",31,438,65,28,93,345,199,21,9,30,169,707,37,0,37,670,629,37,0,37,592,78,0,0,78,260,24,236
CO-500,Colorado Balance of State CoC,"2,267",729,533,0,"1,262","1,005","1,275",12,463,5,95,0,0,558,5,717,7,992,266,438,704,288,313,100,130,230,83,579,165,0,165,414,457,140,0,140,317,122,25,25,97,177,84,93
CO-503,Metropolitan Denver CoC,"6,316","2,819","2,546",23,"5,388",928,"2,609",16,"1,507",10,422,6,23,"1,952",16,657,0,"3,707","1,312","2,124","3,436",271,"1,013",307,633,940,73,889,496,23,519,370,595,347,23,370,225,294,149,149,145,358,267,91
CO-504,Colorado Springs/El Paso County CoC,"1,171",477,464,0,941,230,780,5,365,3,200,0,0,565,3,215,2,391,112,264,376,15,118,33,81,114,4,312,162,0,162,150,302,155,0,155,147,10,7,7,3,150,101,49
CT-503,"Bridgeport, Stamford, Norwalk, Danbury/Fairfield County CoC","1,059",498,250,0,748,311,725,10,329,10,122,0,0,451,10,274,0,334,169,128,297,37,116,55,46,101,15,252,137,0,137,115,169,82,0,82,87,83,55,55,28,84,67,17
CT-505,Connecticut Balance of State CoC,"3,389","1,892",889,0,"2,781",608,"2,376",2,"1,303",2,521,0,0,"1,824",2,552,0,"1,013",589,368,957,56,359,208,129,337,22,794,541,0,541,253,703,460,0,460,243,91,81,81,10,257,200,57
DC-500,District of Columbia CoC,"6,865","4,010","2,343",0,"6,353",512,"3,696",6,"2,459",6,725,0,0,"3,184",6,512,0,"3,169","1,551","1,618","3,169",0,983,464,519,983,0,"2,027","1,566",0,"1,566",461,"1,764","1,303",0,"1,303",461,263,263,263,0,499,435,64
DE-500,Delaware Statewide CoC,946,516,410,10,936,10,575,1,353,0,202,1,10,565,1,10,0,371,163,208,371,0,119,53,66,119,0,71,61,7,68,3,65,55,7,62,3,6,6,6,0,89,86,3
FL-500,"Sarasota, Bradenton/Manatee, Sarasota Counties CoC","1,049",335,228,0,563,486,848,22,284,11,119,1,0,403,12,445,10,201,51,109,160,41,69,17,41,58,11,301,18,0,18,283,214,13,0,13,201,87,5,5,82,101,51,50
FL-501,Tampa/Hillsborough County CoC,"1,909",387,559,19,965,944,"1,326",4,288,1,346,0,19,653,1,673,3,583,99,213,312,271,201,35,78,113,88,506,131,14,145,361,426,117,14,131,295,80,14,14,66,170,76,94
FL-502,"St. Petersburg, Clearwater, Largo/Pinellas County CoC","3,913","1,033",750,43,"1,826","2,087","3,188",116,905,24,653,16,43,"1,601",40,"1,587",76,725,128,97,225,500,216,44,29,73,143,375,94,41,135,240,297,94,41,135,162,78,0,0,78,618,378,240
FL-503,"Lakeland, Winterhaven/Polk County CoC",520,118,207,0,325,195,405,3,78,0,132,3,0,210,3,195,0,115,40,75,115,0,37,11,26,37,0,172,66,0,66,106,172,66,0,66,106,0,0,0,0,45,16,29
FL-504,"Deltona, Daytona Beach/Volusia, Flagler Counties CoC","2,176",148,545,0,693,"1,483","1,779",49,83,0,243,22,0,326,22,"1,453",27,397,65,302,367,30,138,26,100,126,12,259,3,0,3,256,259,3,0,3,256,0,0,0,0,380,51,329
FL-505,"Fort Walton Beach/Okaloosa, Walton Counties CoC","1,658",154,210,19,383,"1,275",567,32,52,16,149,15,19,220,31,347,1,"1,091",102,61,163,928,429,40,30,70,359,352,39,0,39,313,256,25,0,25,231,96,14,14,82,265,99,166
FL-506,Tallahassee/Leon County CoC,974,367,382,0,749,225,810,11,325,11,260,0,0,585,11,225,0,164,42,122,164,0,79,19,60,79,0,259,130,0,130,129,259,130,0,130,129,0,0,0,0,160,114,46
FL-507,"Orlando/Orange, Osceola, Seminole Counties CoC","4,378",929,"1,368",24,"2,321","2,057","3,055",306,616,0,644,1,24,"1,284",1,"1,771",305,"1,323",313,724,"1,037",286,414,99,217,316,98,"1,577",218,20,238,"1,339","1,332",213,20,233,"1,099",245,5,5,240,611,257,354
FL-508,"Gainesville/Alachua, Putnam Counties CoC","1,718",213,200,0,413,"1,305","1,074",23,155,13,176,7,0,331,20,743,3,644,58,24,82,562,280,16,9,25,255,528,226,0,226,302,401,142,0,142,259,127,84,84,43,300,152,148
FL-509,"Fort Pierce/St. Lucie, Indian River, Martin Counties CoC","2,240",65,159,0,224,"2,016",866,12,19,10,19,0,0,38,10,828,2,"1,374",46,140,186,"1,188",377,21,40,61,316,196,6,0,6,190,154,1,0,1,153,42,5,5,37,94,0,94
FL-510,"Jacksonville-Duval, Clay Counties CoC","2,768",856,815,0,"1,671","1,097","1,938",35,584,19,379,12,0,963,31,975,4,830,272,436,708,122,232,67,138,205,27,365,186,0,186,179,276,120,0,120,156,89,66,66,23,324,204,120
FL-511,"Pensacola/Escambia, Santa Rosa Counties CoC",945,242,321,0,563,382,789,13,195,13,224,0,0,419,13,370,0,156,47,97,144,12,62,16,43,59,3,243,53,0,53,190,234,44,0,44,190,9,9,9,0,168,95,73
FL-512,St. Johns County CoC,"1,437",72,161,0,233,"1,204","1,103",37,49,0,72,0,0,121,0,982,37,334,23,89,112,222,120,9,38,47,73,56,8,0,8,48,56,8,0,8,48,0,0,0,0,49,12,37
FL-513,"Palm Bay, Melbourne/Brevard County CoC","1,567",60,647,0,707,860,"1,065",147,23,8,299,79,0,322,87,743,60,502,37,348,385,117,159,14,102,116,43,115,5,0,5,110,107,0,0,0,107,8,5,5,3,262,140,122
FL-514,Ocala/Marion County CoC,530,163,162,0,325,205,373,39,112,30,114,9,0,226,39,147,0,157,51,48,99,58,66,24,14,38,28,91,1,0,1,90,91,1,0,1,90,0,0,0,0,120,52,68
FL-515,"Panama City/Bay, Jackson Counties CoC",301,39,162,0,201,100,258,5,30,0,136,5,0,166,5,92,0,43,9,26,35,8,15,3,9,12,3,38,0,0,0,38,38,0,0,0,38,0,0,0,0,27,11,16
FL-517,"Hendry, Hardee, Highlands Counties CoC","3,847",40,96,0,136,"3,711","1,375",30,15,0,12,0,0,27,0,"1,348",30,"2,472",25,84,109,"2,363",864,8,26,34,830,681,14,0,14,667,238,7,0,7,231,443,7,7,436,257,3,254
FL-518,"Columbia, Hamilton, Lafayette, Suwannee Counties CoC","1,278",45,36,0,81,"1,197",783,26,23,9,33,0,0,56,9,727,17,495,22,3,25,470,222,11,1,12,210,289,19,0,19,270,207,7,0,7,200,82,12,12,70,177,27,150
FL-519,Pasco County CoC,"3,305",63,42,0,105,"3,200","1,653",537,21,7,42,0,0,63,7,"1,590",530,"1,652",42,0,42,"1,610",806,21,0,21,785,"1,200",13,0,13,"1,187",815,13,0,13,802,385,0,0,385,368,35,333
FL-520,"Citrus, Hernando, Lake, Sumter Counties CoC",709,185,118,0,303,406,438,7,96,7,79,0,0,175,7,263,0,271,89,39,128,143,84,28,15,43,41,46,5,0,5,41,38,5,0,5,33,8,0,0,8,49,25,24
FL-600,Miami-Dade County CoC,"3,802","1,470","1,466",27,"2,963",839,"2,485",31,809,31,810,0,27,"1,646",31,839,0,"1,317",661,656,"1,317",0,421,240,181,421,0,618,175,24,199,419,613,170,24,194,419,5,5,5,0,253,193,60
FL-601,Ft Lauderdale/Broward County CoC,"2,810",778,"1,168",35,"1,981",829,"1,900",16,420,14,632,2,35,"1,087",16,813,0,910,358,536,894,16,289,100,185,285,4,411,114,35,149,262,408,111,35,146,262,3,3,3,0,225,128,97
FL-602,Punta Gorda/Charlotte County CoC,573,66,117,3,186,387,429,15,24,0,58,15,3,85,15,344,0,144,42,59,101,43,47,11,25,36,11,211,16,3,19,192,191,7,3,10,181,20,9,9,11,109,21,88
FL-603,"Ft Myers, Cape Coral/Lee County CoC",848,236,216,0,452,396,699,0,146,0,191,0,0,337,0,362,0,149,90,25,115,34,42,26,9,35,7,180,58,0,58,122,162,47,0,47,115,18,11,11,7,70,39,31
FL-604,Monroe County CoC,652,225,122,0,347,305,585,7,188,7,96,0,0,284,7,301,0,67,37,26,63,4,23,12,9,21,2,173,63,0,63,110,173,63,0,63,110,0,0,0,0,108,57,51
FL-605,West Palm Beach/Palm Beach County CoC,"1,559",259,337,16,612,947,"1,283",12,172,9,278,0,16,466,9,817,3,276,87,59,146,130,78,22,20,42,36,373,33,16,49,324,332,25,16,41,291,41,8,8,33,168,75,93
FL-606,Naples/Collier County CoC,396,207,135,0,342,54,285,7,141,7,95,0,0,236,7,49,0,111,66,40,106,5,36,19,16,35,1,32,26,0,26,6,29,23,0,23,6,3,3,3,0,27,17,10
GA-500,Atlanta CoC,"5,536","2,564","1,239",0,"3,803","1,733","4,956",0,"2,168",0,"1,094",0,0,"3,262",0,"1,694",0,580,396,145,541,39,187,127,48,175,12,"1,431",629,0,629,802,"1,378",582,0,582,796,53,47,47,6,983,655,328
GA-501,Georgia Balance of State CoC,"7,651","1,265","1,069",0,"2,334","5,317","5,271",66,595,6,93,0,0,688,6,"4,583",60,"2,380",670,976,"1,646",734,708,238,228,466,242,"1,136",169,0,169,967,848,130,0,130,718,288,39,39,249,496,58,438
GA-502,Fulton County CoC,428,55,243,0,298,130,206,0,12,0,64,0,0,76,0,130,0,222,43,179,222,0,77,14,63,77,0,55,12,0,12,43,55,12,0,12,43,0,0,0,0,33,22,11
GA-503,Athens-Clarke County CoC,213,91,27,0,118,95,171,0,76,0,0,0,0,76,0,95,0,42,15,27,42,0,14,5,9,14,0,67,22,0,22,45,67,22,0,22,45,0,0,0,0,15,3,12
GA-504,Augusta-Richmond County CoC,476,163,167,0,330,146,313,0,135,0,58,0,0,193,0,120,0,163,28,109,137,26,41,10,26,36,5,62,14,0,14,48,54,14,0,14,40,8,0,0,8,42,26,16
GA-505,Columbus-Muscogee CoC,294,179,55,0,234,60,246,0,131,0,55,0,0,186,0,60,0,48,48,0,48,0,19,19,0,19,0,58,32,0,32,26,58,32,0,32,26,0,0,0,0,42,29,13
GA-506,Marietta/Cobb County CoC,495,108,243,0,351,144,263,0,61,0,80,0,0,141,0,122,0,232,47,163,210,22,76,16,55,71,5,60,16,0,16,44,52,16,0,16,36,8,0,0,8,59,25,34
GA-507,Savannah/Chatham County CoC,"1,165",269,274,0,543,622,"1,052",9,195,6,235,3,0,430,9,622,0,113,74,39,113,0,40,25,15,40,0,131,42,0,42,89,123,34,0,34,89,8,8,8,0,68,39,29
GA-508,DeKalb County CoC,713,130,369,0,499,214,402,0,8,0,190,0,0,198,0,204,0,311,122,179,301,10,95,37,55,92,3,82,0,0,0,82,78,0,0,0,78,4,0,0,4,67,43,24
GU-500,Guam CoC,"1,271",60,68,0,128,"1,143",296,0,11,0,24,0,0,35,0,261,0,975,49,44,93,882,167,15,10,25,142,290,1,0,1,289,51,1,0,1,50,239,0,0,239,32,2,30
HI-500,Hawaii Balance of State CoC,"1,779",244,410,0,654,"1,125","1,159",2,129,0,112,0,0,241,0,918,2,620,115,298,413,207,168,37,81,118,50,395,45,0,45,350,339,25,0,25,314,56,20,20,36,160,27,133
HI-501,Honolulu City and County CoC,"4,556",982,"2,084",25,"3,091","1,465","2,196",5,467,3,409,0,25,901,3,"1,295",2,"2,360",515,"1,675","2,190",170,568,136,389,525,43,785,207,21,228,557,692,166,21,187,505,93,41,41,52,398,207,191
IA-500,"Sioux City/Dakota, Woodbury Counties CoC",236,109,115,0,224,12,115,0,72,0,31,0,0,103,0,12,0,121,37,84,121,0,45,15,30,45,0,65,57,0,57,8,58,50,0,50,8,7,7,7,0,11,9,2
IA-501,Iowa Balance of State CoC,"1,920",710,"1,149",0,"1,859",61,833,5,416,0,358,5,0,774,5,59,0,"1,087",294,791,"1,085",2,344,96,247,343,1,145,129,0,129,16,108,92,0,92,16,37,37,37,0,88,85,3
IA-502,Des Moines/Polk County CoC,928,384,483,0,867,61,576,5,294,0,221,5,0,515,5,61,0,352,90,262,352,0,106,29,77,106,0,117,72,0,72,45,111,66,0,66,45,6,6,6,0,130,126,4
ID-500,Boise/Ada County CoC,694,438,207,0,645,49,544,10,339,10,159,0,0,498,10,46,0,150,99,48,147,3,39,22,16,38,1,108,93,0,93,15,85,73,0,73,12,23,20,20,3,112,106,6
ID-501,Idaho Balance of State CoC,"1,087",307,452,0,759,328,540,10,151,3,126,0,0,277,3,263,7,547,156,326,482,65,172,51,103,154,18,163,72,0,72,91,108,32,0,32,76,55,40,40,15,96,56,40
IL-500,McHenry County CoC,185,63,117,0,180,5,111,0,51,0,55,0,0,106,0,5,0,74,12,62,74,0,24,5,19,24,0,9,8,0,8,1,9,8,0,8,1,0,0,0,0,25,25,0
IL-501,"Rockford/DeKalb, Winnebago, Boone Counties CoC",895,278,327,0,605,290,452,25,135,10,202,0,0,337,10,115,15,443,143,125,268,175,125,42,42,84,41,268,153,0,153,115,184,121,0,121,63,84,32,32,52,45,32,13
IL-502,"Waukegan, North Chicago/Lake County CoC",497,328,150,14,492,5,337,33,252,11,66,22,14,332,33,5,0,160,76,84,160,0,53,25,28,53,0,62,47,14,61,1,62,47,14,61,1,0,0,0,0,82,82,0
IL-503,"Champaign, Urbana, Rantoul/Champaign County CoC",214,59,112,0,171,43,156,0,59,0,71,0,0,130,0,26,0,58,0,41,41,17,15,0,11,11,4,8,4,0,4,4,8,4,0,4,4,0,0,0,0,31,28,3
IL-504,Madison County CoC,201,70,103,0,173,28,46,0,20,0,9,0,0,29,0,17,0,155,50,94,144,11,44,17,24,41,3,7,1,0,1,6,7,1,0,1,6,0,0,0,0,7,4,3
IL-506,"Joliet, Bolingbrook/Will County CoC",288,152,129,0,281,7,184,0,122,0,55,0,0,177,0,7,0,104,30,74,104,0,32,11,21,32,0,17,11,0,11,6,17,11,0,11,6,0,0,0,0,30,30,0
IL-507,"Peoria, Pekin/Fulton, Tazewell, Peoria, Woodford Counties CoC",396,261,109,0,370,26,252,0,181,0,49,0,0,230,0,22,0,144,80,60,140,4,48,25,21,46,2,52,51,0,51,1,48,47,0,47,1,4,4,4,0,26,23,3
IL-508,"East St. Louis, Belleville/St. Clair County CoC",213,32,114,0,146,67,121,0,11,0,43,0,0,54,0,67,0,92,21,71,92,0,31,5,26,31,0,24,0,0,0,24,22,0,0,0,22,2,0,0,2,41,29,12
IL-510,Chicago CoC,"6,276","2,058","2,965",37,"5,060","1,216","3,923",23,"1,750",4,942,2,37,"2,729",6,"1,194",17,"2,353",308,"2,023","2,331",22,735,106,624,730,5,557,249,8,257,300,557,249,8,257,300,0,0,0,0,712,406,306
IL-511,Cook County CoC,"1,242",506,570,15,"1,091",151,693,1,395,0,137,1,15,547,1,146,0,549,111,433,544,5,176,38,137,175,1,109,64,15,79,30,109,64,15,79,30,0,0,0,0,121,100,21
IL-512,Bloomington/Central Illinois CoC,536,274,130,16,420,116,353,38,214,0,63,31,16,293,31,60,7,183,60,67,127,56,75,17,30,47,28,62,53,4,57,5,57,48,4,52,5,5,5,5,0,15,7,8
IL-513,Springfield/Sangamon County CoC,280,150,120,0,270,10,181,3,101,0,70,3,0,171,3,10,0,99,49,50,99,0,31,14,17,31,0,87,78,0,78,9,67,58,0,58,9,20,20,20,0,23,22,1
IL-514,DuPage County CoC,665,215,421,0,636,29,295,6,167,6,99,0,0,266,6,29,0,370,48,322,370,0,120,16,104,120,0,74,69,0,69,5,69,64,0,64,5,5,5,5,0,19,16,3
IL-515,South Central Illinois CoC,149,55,75,0,130,19,40,0,25,0,4,0,0,29,0,11,0,109,30,71,101,8,37,10,23,33,4,21,10,0,10,11,16,7,0,7,9,5,3,3,2,4,3,1
IL-516,Decatur/Macon County CoC,247,115,75,0,190,57,144,2,77,0,18,1,0,95,1,49,1,103,38,57,95,8,35,14,18,32,3,69,38,0,38,31,42,27,0,27,15,27,11,11,16,12,10,2
IL-517,"Aurora, Elgin/Kane County CoC",451,285,120,0,405,46,344,0,248,0,50,0,0,298,0,46,0,107,37,70,107,0,32,13,19,32,0,109,88,0,88,21,103,82,0,82,21,6,6,6,0,37,31,6
IL-518,"Rock Island, Moline/Northwestern Illinois CoC",219,52,159,7,218,1,122,4,24,2,90,2,7,121,4,1,0,97,28,69,97,0,36,11,25,36,0,0,0,0,0,0,0,0,0,0,0,0,0,0,0,9,9,0
IL-519,West Central Illinois CoC,133,48,80,0,128,5,44,0,21,0,18,0,0,39,0,5,0,89,27,62,89,0,22,8,14,22,0,4,4,0,4,0,4,4,0,4,0,0,0,0,0,5,5,0
IL-520,Southern Illinois CoC,338,159,104,0,263,75,160,0,81,0,40,0,0,121,0,39,0,178,78,64,142,36,59,28,21,49,10,35,11,0,11,24,22,7,0,7,15,13,4,4,9,23,20,3
IN-502,Indiana Balance of State CoC,"4,497","2,226","1,691",0,"3,917",580,"2,642",22,"1,441",10,733,9,0,"2,174",19,468,3,"1,855",785,958,"1,743",112,588,244,311,555,33,398,272,0,272,126,347,224,0,224,123,51,48,48,3,423,357,66
IN-503,Indianapolis CoC,"1,599",861,594,24,"1,479",120,"1,109",14,580,14,389,0,24,993,14,116,0,490,281,205,486,4,151,84,66,150,1,182,113,24,137,45,164,95,24,119,45,18,18,18,0,320,309,11
KS-502,Wichita/Sedgwick County CoC,538,321,137,9,467,71,360,1,241,0,39,1,9,289,1,71,0,178,80,98,178,0,49,21,28,49,0,91,62,5,67,24,91,62,5,67,24,0,0,0,0,56,48,8
KS-503,Topeka/Shawnee County CoC,439,343,73,0,416,23,269,0,208,0,42,0,0,250,0,19,0,170,135,31,166,4,45,35,8,43,2,83,76,0,76,7,67,60,0,60,7,16,16,16,0,65,63,2
KS-505,"Overland Park, Shawnee/Johnson County CoC",213,93,103,0,196,17,25,0,15,0,7,0,0,22,0,3,0,188,78,96,174,14,58,25,29,54,4,4,2,0,2,2,4,2,0,2,2,0,0,0,0,0,0,0
KS-507,Kansas Balance of State CoC,"1,141",537,522,0,"1,059",82,645,2,288,0,280,2,0,568,2,77,0,496,249,242,491,5,182,88,92,180,2,129,91,0,91,38,100,62,0,62,38,29,29,29,0,231,221,10
KY-500,Kentucky Balance of State CoC,"2,392","1,188",604,0,"1,792",600,"1,316",15,683,10,216,1,0,899,11,417,4,"1,076",505,388,893,183,349,165,127,292,57,356,144,0,144,212,219,103,0,103,116,137,41,41,96,245,173,72
KY-501,Louisville-Jefferson County CoC,"1,445",769,603,10,"1,382",63,950,10,563,10,314,0,10,887,10,63,0,495,206,289,495,0,168,64,104,168,0,145,114,2,116,29,139,108,2,110,29,6,6,6,0,171,167,4
KY-502,Lexington-Fayette County CoC,"1,408",482,835,0,"1,317",91,"1,036",6,415,6,532,0,0,947,6,89,0,372,67,303,370,2,155,26,128,154,1,40,8,0,8,32,36,6,0,6,30,4,2,2,2,191,170,21
LA-500,Lafayette/Acadiana CoC,542,165,268,0,433,109,358,0,120,0,129,0,0,249,0,109,0,184,45,139,184,0,58,14,44,58,0,83,31,0,31,52,71,31,0,31,40,12,0,0,12,62,47,15
LA-502,"Shreveport, Bossier/Northwest Louisiana CoC",692,223,281,9,513,179,399,2,156,0,85,2,9,250,2,149,0,293,67,196,263,30,94,21,66,87,7,155,48,0,48,107,153,46,0,46,107,2,2,2,0,97,74,23
LA-503,New Orleans/Jefferson Parish CoC,"2,337",578,705,15,"1,298","1,039","1,848",26,506,3,315,22,15,836,25,"1,012",1,489,72,390,462,27,152,24,117,141,11,677,88,2,90,587,649,86,2,88,561,28,2,2,26,211,119,92
LA-505,Monroe/Northeast Louisiana CoC,200,49,114,9,172,28,88,7,27,7,24,0,9,60,7,28,0,112,22,90,112,0,40,9,31,40,0,23,3,7,10,13,23,3,7,10,13,0,0,0,0,6,2,4
LA-506,Slidell/Southeast Louisiana CoC,276,86,155,0,241,35,151,0,60,0,62,0,0,122,0,29,0,125,26,93,119,6,35,8,25,33,2,31,25,0,25,6,31,25,0,25,6,0,0,0,0,49,47,2
LA-507,Alexandria/Central Louisiana CoC,118,38,49,0,87,31,92,0,38,0,25,0,0,63,0,29,0,26,0,24,24,2,7,0,6,6,1,9,3,0,3,6,7,3,0,3,4,2,0,0,2,24,22,2
LA-509,Louisiana Balance of State CoC,"1,061",250,656,1,907,154,972,30,191,26,629,4,1,821,30,151,0,89,59,27,86,3,29,20,8,28,1,137,38,0,38,99,81,24,0,24,57,56,14,14,42,126,72,54
MA-500,Boston CoC,"5,881","4,334","1,338",16,"5,688",193,"2,541",0,"1,377",0,955,0,16,"2,348",0,193,0,"3,340","2,957",383,"3,340",0,"1,164",992,172,"1,164",0,543,491,3,494,49,465,413,3,416,49,78,78,78,0,458,446,12
MA-502,Lynn CoC,468,329,124,0,453,15,99,0,54,0,35,0,0,89,0,10,0,369,275,89,364,5,127,88,38,126,1,53,43,0,43,10,53,43,0,43,10,0,0,0,0,13,11,2
MA-503,Cape Cod Islands CoC,514,242,79,0,321,193,357,4,92,0,79,0,0,171,0,186,4,157,150,0,150,7,62,59,0,59,3,149,58,0,58,91,135,44,0,44,91,14,14,14,0,24,15,9
MA-504,Springfield/Hampden County CoC,"2,117","1,838",227,7,"2,072",45,395,2,229,2,114,0,7,350,2,45,0,"1,722","1,609",113,"1,722",0,560,517,43,560,0,332,297,7,304,28,95,60,7,67,28,237,237,237,0,33,32,1
MA-505,New Bedford CoC,337,105,213,0,318,19,230,0,49,0,165,0,0,214,0,16,0,107,56,48,104,3,48,28,19,47,1,32,25,0,25,7,32,25,0,25,7,0,0,0,0,51,50,1
MA-506,Worcester City & County CoC,"1,657","1,043",546,13,"1,602",55,586,29,204,27,324,2,13,541,29,45,0,"1,071",839,222,"1,061",10,323,237,82,319,4,69,48,0,48,21,58,37,0,37,21,11,11,11,0,184,175,9
MA-507,"Pittsfield/Berkshire, Franklin, Hampshire Counties CoC",678,280,358,0,638,40,493,4,137,0,319,4,0,456,4,37,0,185,143,39,182,3,71,55,15,70,1,117,85,0,85,32,93,64,0,64,29,24,21,21,3,244,244,0
MA-509,Cambridge CoC,535,264,202,0,466,69,366,0,205,0,92,0,0,297,0,69,0,169,59,110,169,0,59,24,35,59,0,174,120,0,120,54,167,113,0,113,54,7,7,7,0,21,16,5
MA-511,"Quincy, Brockton, Weymouth, Plymouth City and County CoC","1,690","1,528",113,0,"1,641",49,458,2,352,0,57,2,0,409,2,49,0,"1,232","1,176",56,"1,232",0,413,393,20,413,0,171,153,0,153,18,134,116,0,116,18,37,37,37,0,94,94,0
MA-515,Fall River CoC,235,122,98,0,220,15,113,0,50,0,52,0,0,102,0,11,0,122,72,46,118,4,41,22,18,40,1,37,33,0,33,4,35,31,0,31,4,2,2,2,0,2,2,0
MA-516,Massachusetts Balance of State CoC,"4,666","3,717",799,23,"4,539",127,987,11,592,3,245,8,23,860,11,127,0,"3,679","3,125",554,"3,679",0,"1,409","1,205",204,"1,409",0,428,343,8,351,77,300,215,8,223,77,128,128,128,0,127,118,9
MA-519,"Attleboro, Taunton/Bristol County CoC",251,160,61,0,221,30,69,14,21,0,25,13,0,46,13,23,1,182,139,36,175,7,50,33,15,48,2,10,1,0,1,9,10,1,0,1,9,0,0,0,0,2,1,1
MD-501,Baltimore CoC,"2,638","1,061","1,242",40,"2,343",295,"1,988",6,820,6,873,0,40,"1,733",6,255,0,650,241,369,610,40,215,76,125,201,14,226,110,27,137,89,211,108,27,135,76,15,2,2,13,293,272,21
MD-502,Harford County CoC,166,95,63,0,158,8,66,0,37,0,21,0,0,58,0,8,0,100,58,42,100,0,35,18,17,35,0,38,30,0,30,8,38,30,0,30,8,0,0,0,0,5,5,0
MD-503,Annapolis/Anne Arundel County CoC,400,254,61,0,315,85,258,0,168,0,13,0,0,181,0,77,0,142,86,48,134,8,41,25,14,39,2,63,41,0,41,22,48,26,0,26,22,15,15,15,0,27,18,9
MD-504,Howard County CoC,194,93,46,0,139,55,93,0,40,0,2,0,0,42,0,51,0,101,53,44,97,4,31,16,14,30,1,39,9,0,9,30,39,9,0,9,30,0,0,0,0,9,5,4
MD-505,Baltimore County CoC,919,414,50,0,464,455,569,0,179,0,0,0,0,179,0,390,0,350,235,50,285,65,146,102,20,122,24,261,137,0,137,124,245,130,0,130,115,16,7,7,9,81,45,36
MD-506,Carroll County CoC,134,82,26,19,127,7,82,0,55,0,1,0,19,75,0,7,0,52,27,25,52,0,17,9,8,17,0,27,19,4,23,4,27,19,4,23,4,0,0,0,0,7,7,0
MD-509,Frederick City & County CoC,275,94,112,0,206,69,171,0,70,0,32,0,0,102,0,69,0,104,24,80,104,0,38,9,29,38,0,58,23,0,23,35,58,23,0,23,35,0,0,0,0,13,7,6
MD-511,Mid-Shore Regional CoC,87,50,17,0,67,20,66,0,45,0,6,0,0,51,0,15,0,21,5,11,16,5,9,2,5,7,2,19,9,0,9,10,14,9,0,9,5,5,0,0,5,2,2,0
MD-513,"Wicomico, Somerset, Worcester Counties CoC",360,283,36,0,319,41,239,0,200,0,8,0,0,208,0,31,0,121,83,28,111,10,38,25,10,35,3,51,44,0,44,7,48,41,0,41,7,3,3,3,0,33,29,4
MD-514,Maryland Balance of State CoC,"1,342",451,328,5,784,558,735,4,290,0,168,3,5,463,3,272,1,607,161,160,321,286,187,58,50,108,79,377,201,3,204,173,230,121,3,124,106,147,80,80,67,145,126,19
MD-600,Prince George's County CoC,686,290,210,0,500,186,316,18,97,0,33,0,0,130,0,186,18,370,193,177,370,0,123,61,62,123,0,93,44,0,44,49,69,20,0,20,49,24,24,24,0,25,20,5
MD-601,Montgomery County CoC,"1,004",546,280,35,861,143,638,0,337,0,123,0,35,495,0,143,0,366,209,157,366,0,117,66,51,117,0,228,126,35,161,67,222,120,35,155,67,6,6,6,0,33,27,6
ME-500,Maine Statewide CoC,"3,016","1,090","1,851",13,"2,954",62,"1,563",63,788,33,717,28,13,"1,518",61,45,2,"1,453",302,"1,134","1,436",17,494,105,382,487,7,176,170,6,176,0,159,153,6,159,0,17,17,17,0,164,150,14
MI-500,Michigan Balance of State CoC,"1,880",557,801,0,"1,358",522,996,87,335,21,270,22,0,605,43,391,44,884,222,531,753,131,273,69,160,229,44,99,46,0,46,53,75,37,0,37,38,24,9,9,15,90,68,22
MI-501,Detroit CoC,"2,789","1,348","1,138",21,"2,507",282,"2,314",27,"1,116",15,899,12,21,"2,036",27,278,0,475,232,239,471,4,160,70,89,159,1,291,175,8,183,108,274,158,8,166,108,17,17,17,0,518,507,11
MI-502,"Dearborn, Dearborn Heights, Westland/Wayne County CoC",380,105,235,18,358,22,200,2,41,1,119,1,18,178,2,22,0,180,64,116,180,0,53,20,33,53,0,20,2,12,14,6,20,2,12,14,6,0,0,0,0,33,29,4
MI-503,"St. Clair Shores, Warren/Macomb County CoC",504,234,71,0,305,199,430,5,171,1,60,3,0,231,4,199,1,74,63,11,74,0,18,14,4,18,0,70,49,0,49,21,68,47,0,47,21,2,2,2,0,16,14,2
MI-504,"Pontiac, Royal Oak/Oakland County CoC",698,281,329,0,610,88,477,9,249,7,140,2,0,389,9,88,0,221,32,189,221,0,83,10,73,83,0,64,49,0,49,15,60,45,0,45,15,4,4,4,0,22,21,1
MI-505,Flint/Genesee County CoC,387,185,85,0,270,117,241,6,84,6,40,0,0,124,6,117,0,146,101,45,146,0,62,50,12,62,0,25,12,0,12,13,20,7,0,7,13,5,5,5,0,26,19,7
MI-506,"Grand Rapids, Wyoming/Kent County CoC",732,260,428,0,688,44,272,25,181,10,47,15,0,228,25,44,0,460,79,381,460,0,149,25,124,149,0,117,73,0,73,44,101,57,0,57,44,16,16,16,0,49,31,18
MI-507,"Portage, Kalamazoo City & County CoC",642,441,170,0,611,31,327,12,260,7,36,1,0,296,8,31,4,315,181,134,315,0,96,55,41,96,0,48,47,0,47,1,23,22,0,22,1,25,25,25,0,23,22,1
MI-508,"Lansing, East Lansing/Ingham County CoC",423,291,66,0,357,66,326,1,207,0,53,1,0,260,1,66,0,97,84,13,97,0,30,27,3,30,0,67,48,0,48,19,67,48,0,48,19,0,0,0,0,70,63,7
MI-509,Washtenaw County CoC,510,241,103,0,344,166,359,1,170,1,40,0,0,210,1,149,0,151,71,63,134,17,48,27,16,43,5,116,59,0,59,57,116,59,0,59,57,0,0,0,0,61,51,10
MI-510,Saginaw City & County CoC,350,181,157,5,343,7,175,10,88,7,75,3,5,168,10,7,0,175,93,82,175,0,53,29,24,53,0,16,15,0,15,1,16,15,0,15,1,0,0,0,0,16,15,1
MI-511,Lenawee County CoC,124,72,39,0,111,13,48,0,41,0,5,0,0,46,0,2,0,76,31,34,65,11,24,11,11,22,2,12,12,0,12,0,12,12,0,12,0,0,0,0,0,8,8,0
MI-512,"Grand Traverse, Antrim, Leelanau Counties CoC",328,186,103,0,289,39,196,6,147,2,21,4,0,168,6,28,0,132,39,82,121,11,50,13,34,47,3,40,27,0,27,13,40,27,0,27,13,0,0,0,0,12,11,1
MI-514,Battle Creek/Calhoun County CoC,236,103,69,0,172,64,167,7,48,6,55,0,0,103,6,64,1,69,55,14,69,0,20,15,5,20,0,22,10,0,10,12,20,8,0,8,12,2,2,2,0,77,34,43
MI-515,Monroe City & County CoC,139,59,77,0,136,3,111,5,33,0,75,5,0,108,5,3,0,28,26,2,28,0,7,6,1,7,0,2,1,0,1,1,2,1,0,1,1,0,0,0,0,32,31,1
MI-516,"Norton Shores, Muskegon City & County CoC",644,102,134,0,236,408,270,25,53,0,91,7,0,144,7,126,18,374,49,43,92,282,147,17,19,36,111,64,4,0,4,60,30,2,0,2,28,34,2,2,32,21,6,15
MI-517,Jackson City & County CoC,187,65,89,0,154,33,92,0,43,0,16,0,0,59,0,33,0,95,22,73,95,0,38,11,27,38,0,13,8,0,8,5,13,8,0,8,5,0,0,0,0,15,4,11
MI-518,Livingston County CoC,127,46,51,0,97,30,61,2,13,2,18,0,0,31,2,30,0,66,33,33,66,0,20,9,11,20,0,10,3,0,3,7,8,1,0,1,7,2,2,2,0,1,1,0
MI-519,Holland/Ottawa County CoC,318,123,174,0,297,21,134,2,82,1,39,1,0,121,2,13,0,184,41,135,176,8,56,15,39,54,2,3,2,0,2,1,3,2,0,2,1,0,0,0,0,9,9,0
MI-523,Eaton County CoC,129,47,49,0,96,33,40,0,7,0,7,0,0,14,0,26,0,89,40,42,82,7,25,10,12,22,3,7,4,0,4,3,1,0,0,0,1,6,4,4,2,1,1,0
MN-500,Minneapolis/Hennepin County CoC,"3,591","2,449",978,0,"3,427",164,"1,623",24,"1,113",18,349,2,0,"1,462",20,161,4,"1,968","1,336",629,"1,965",3,514,311,202,513,1,533,475,0,475,58,373,315,0,315,58,160,160,160,0,129,120,9
MN-501,Saint Paul/Ramsey County CoC,"1,417",609,727,10,"1,346",71,678,29,383,9,224,12,10,617,21,61,8,739,226,503,729,10,251,70,177,247,4,288,222,10,232,56,210,148,10,158,52,78,74,74,4,54,48,6
MN-502,Rochester/Southeast Minnesota CoC,452,246,179,0,425,27,146,3,103,3,16,0,0,119,3,27,0,306,143,163,306,0,101,52,49,101,0,73,58,0,58,15,34,19,0,19,15,39,39,39,0,3,2,1
MN-503,"Dakota, Anoka, Washington, Scott, Carver Counties",745,268,367,0,635,110,213,3,83,1,53,0,0,136,1,77,2,532,185,314,499,33,182,76,96,172,10,89,48,0,48,41,55,20,0,20,35,34,28,28,6,11,8,3
MN-504,Northeast Minnesota CoC,265,12,82,0,94,171,131,4,6,0,15,1,0,21,1,110,3,134,6,67,73,61,41,2,19,21,20,40,2,0,2,38,16,2,0,2,14,24,0,0,24,21,11,10
MN-505,St. Cloud/Central Minnesota CoC,657,178,282,0,460,197,449,28,113,3,190,0,0,303,3,146,25,208,65,92,157,51,68,21,30,51,17,114,63,0,63,51,79,35,0,35,44,35,28,28,7,92,72,20
MN-506,Northwest Minnesota CoC,253,101,148,0,249,4,108,14,46,7,58,7,0,104,14,4,0,145,55,90,145,0,42,18,24,42,0,36,32,0,32,4,21,17,0,17,4,15,15,15,0,6,3,3
MN-508,Moorhead/West Central Minnesota CoC,287,157,94,0,251,36,132,0,99,0,15,0,0,114,0,18,0,155,58,79,137,18,43,14,24,38,5,62,55,0,55,7,41,34,0,34,7,21,21,21,0,17,17,0
MN-509,Duluth/St.Louis County CoC,410,112,188,0,300,110,205,10,79,2,38,8,0,117,10,88,0,205,33,150,183,22,70,15,49,64,6,103,24,0,24,79,80,16,0,16,64,23,8,8,15,15,5,10
MN-511,Southwest Minnesota CoC,137,26,86,0,112,25,43,0,12,0,18,0,0,30,0,13,0,94,14,68,82,12,26,7,17,24,2,12,12,0,12,0,6,6,0,6,0,6,6,6,0,1,0,1
MO-500,St. Louis County CoC,388,155,204,0,359,29,140,49,48,20,78,29,0,126,49,14,0,248,107,126,233,15,83,31,48,79,4,116,96,0,96,20,33,23,0,23,10,83,73,73,10,41,40,1
MO-501,St.Louis City CoC,"1,423",612,697,18,"1,327",96,793,14,372,3,316,11,18,706,14,87,0,630,240,381,621,9,198,80,114,194,4,138,97,13,110,28,118,79,13,92,26,20,18,18,2,193,173,20
MO-503,"St. Charles City & County, Lincoln, Warren Counties CoC",940,392,184,0,576,364,387,5,92,5,91,0,0,183,5,204,0,553,300,93,393,160,186,97,30,127,59,78,50,0,50,28,21,8,0,8,13,57,42,42,15,3,0,3
MO-600,"Springfield/Greene, Christian, Webster Counties CoC",711,169,360,0,529,182,349,0,61,0,134,0,0,195,0,154,0,362,108,226,334,28,144,53,78,131,13,105,0,0,0,105,105,0,0,0,105,0,0,0,0,48,12,36
MO-602,"Joplin/Jasper, Newton Counties CoC",574,261,278,0,539,35,353,6,137,6,181,0,0,318,6,35,0,221,124,97,221,0,61,31,30,61,0,18,6,0,6,12,18,6,0,6,12,0,0,0,0,106,99,7
MO-603,"St. Joseph/Andrew, Buchanan, DeKalb Counties CoC",186,114,46,17,177,9,123,0,80,0,17,0,17,114,0,9,0,63,34,29,63,0,18,9,9,18,0,96,71,17,88,8,90,65,17,82,8,6,6,6,0,30,28,2
MO-604a,"Kansas City, Independence, Lee’s Summit/Jackson, Wyandotte Counties, MO & KS","2,691",801,957,8,"1,766",925,"1,486",22,604,10,350,6,8,962,16,524,6,"1,205",197,607,804,401,357,51,193,244,113,327,129,4,133,194,201,88,4,92,109,126,41,41,85,316,228,88
MO-606,Missouri Balance of State CoC,"2,030",912,552,8,"1,472",558,"1,202",24,476,22,386,0,8,870,22,332,2,828,436,166,602,226,265,144,55,199,66,208,123,8,131,77,151,96,8,104,47,57,27,27,30,168,139,29
MS-500,"Jackson/Rankin, Madison Counties CoC",760,136,184,0,320,440,641,17,99,7,102,10,0,201,17,440,0,119,37,82,119,0,57,17,40,57,0,277,37,0,37,240,270,30,0,30,240,7,7,7,0,47,25,22
MS-501,Mississippi Balance of State CoC,"1,052",345,347,0,692,360,707,78,208,36,207,35,0,415,71,292,7,345,137,140,277,68,82,24,34,58,24,58,21,0,21,37,58,21,0,21,37,0,0,0,0,117,85,32
MS-503,Gulf Port/Gulf Coast Regional CoC,591,20,51,0,71,520,405,12,16,0,16,0,0,32,0,373,12,186,4,35,39,147,53,2,17,19,34,140,10,0,10,130,80,10,0,10,70,60,0,0,60,46,19,27
MT-500,Montana Statewide CoC,"1,878",706,388,0,"1,094",784,"1,211",6,410,0,164,4,0,574,4,637,2,667,296,224,520,147,207,89,76,165,42,227,65,0,65,162,210,55,0,55,155,17,10,10,7,309,118,191
NC-500,Winston-Salem/Forsyth County CoC,394,271,110,0,381,13,293,0,222,0,58,0,0,280,0,13,0,101,49,52,101,0,33,18,15,33,0,82,72,0,72,10,76,66,0,66,10,6,6,6,0,23,20,3
NC-501,Asheville/Buncombe County CoC,570,247,266,0,513,57,478,4,203,4,218,0,0,421,4,57,0,92,44,48,92,0,33,14,19,33,0,54,26,0,26,28,54,26,0,26,28,0,0,0,0,232,230,2
NC-502,Durham City & County CoC,753,284,416,0,700,53,572,0,198,0,321,0,0,519,0,53,0,181,86,95,181,0,57,25,32,57,0,87,58,0,58,29,87,58,0,58,29,0,0,0,0,93,87,6
NC-503,North Carolina Balance of State CoC,"3,625","1,677",790,0,"2,467","1,158","2,123",22,946,8,376,2,0,"1,322",10,801,12,"1,502",731,414,"1,145",357,512,250,122,372,140,636,238,0,238,398,503,185,0,185,318,133,53,53,80,209,140,69
NC-504,"Greensboro, High Point CoC",949,441,340,0,781,168,651,10,327,7,162,1,0,489,8,162,2,298,114,178,292,6,94,36,55,91,3,148,57,0,57,91,143,54,0,54,89,5,3,3,2,78,60,18
NC-505,Charlotte/Mecklenberg CoC,"2,418",952,"1,183",0,"2,135",283,"1,296",6,718,4,295,2,0,"1,013",6,283,0,"1,122",234,888,"1,122",0,356,75,281,356,0,158,119,0,119,39,141,102,0,102,39,17,17,17,0,120,110,10
NC-506,"Wilmington/Brunswick, New Hanover, Pender Counties CoC",348,200,45,0,245,103,260,0,131,0,32,0,0,163,0,97,0,88,69,13,82,6,28,20,6,26,2,64,12,0,12,52,64,12,0,12,52,0,0,0,0,41,30,11
NC-507,Raleigh/Wake County CoC,"1,098",739,263,0,"1,002",96,817,4,615,4,108,0,0,723,4,94,0,281,124,155,279,2,86,37,48,85,1,140,135,0,135,5,129,124,0,124,5,11,11,11,0,203,202,1
NC-509,"Gastonia/Cleveland, Gaston, Lincoln Counties CoC",384,200,74,0,274,110,316,10,160,10,46,0,0,206,10,110,0,68,40,28,68,0,25,13,12,25,0,112,40,0,40,72,55,19,0,19,36,57,21,21,36,18,15,3
NC-511,Fayetteville/Cumberland County CoC,631,99,188,0,287,344,343,0,64,0,37,0,0,101,0,242,0,288,35,151,186,102,96,16,45,61,35,293,27,0,27,266,138,11,0,11,127,155,16,16,139,77,27,50
NC-513,Chapel Hill/Orange County CoC,123,67,26,0,93,30,97,0,67,0,0,0,0,67,0,30,0,26,0,26,26,0,10,0,10,10,0,28,12,0,12,16,28,12,0,12,16,0,0,0,0,9,7,2
NC-516,Northwest North Carolina CoC,875,104,31,0,135,740,284,1,65,1,14,0,0,79,1,205,0,591,39,17,56,535,190,15,5,20,170,40,6,0,6,34,33,6,0,6,27,7,0,0,7,20,6,14
ND-500,North Dakota Statewide CoC,"2,069",540,134,0,674,"1,395","1,230",44,370,8,73,0,0,443,8,787,36,839,170,61,231,608,244,62,21,83,161,179,68,0,68,111,110,68,0,68,42,69,0,0,69,241,60,181
NE-500,Nebraska Balance of State CoC,713,243,417,0,660,53,282,18,103,3,140,15,0,243,18,39,0,431,140,277,417,14,144,44,96,140,4,105,93,0,93,12,58,52,0,52,6,47,41,41,6,25,20,5
NE-501,"Omaha, Council Bluffs CoC","1,476",940,519,0,"1,459",17,"1,011",3,718,3,276,0,0,994,3,17,0,465,222,243,465,0,145,77,68,145,0,180,163,0,163,17,167,150,0,150,17,13,13,13,0,91,89,2
NE-502,Lincoln CoC,956,349,504,0,853,103,599,26,220,12,276,14,0,496,26,103,0,357,129,228,357,0,108,38,70,108,0,129,86,0,86,43,114,71,0,71,43,15,15,15,0,67,52,15
NH-500,New Hampshire Balance of State CoC,759,430,217,0,647,112,401,0,266,0,46,0,0,312,0,89,0,358,164,171,335,23,123,54,61,115,8,143,65,0,65,78,121,55,0,55,66,22,10,10,12,46,37,9
NH-501,Manchester CoC,382,152,148,4,304,78,228,1,107,0,46,0,4,157,0,71,1,154,45,102,147,7,56,15,39,54,2,84,45,4,49,35,81,42,4,46,35,3,3,3,0,17,14,3
NH-502,Nashua/Hillsborough County CoC,306,103,186,5,294,12,169,0,77,0,75,0,5,157,0,12,0,137,26,111,137,0,50,7,43,50,0,28,19,2,21,7,24,15,2,17,7,4,4,4,0,62,61,1
NJ-500,Atlantic City & County CoC,746,674,12,0,686,60,488,0,428,0,6,0,0,434,0,54,0,258,246,6,252,6,86,81,2,83,3,124,101,0,101,23,114,91,0,91,23,10,10,10,0,44,35,9
NJ-501,Bergen County CoC,346,198,130,0,328,18,209,0,154,0,41,0,0,195,0,14,0,137,44,89,133,4,50,15,33,48,2,33,23,0,23,10,31,23,0,23,8,2,0,0,2,17,17,0
NJ-502,Burlington County CoC,671,600,29,0,629,42,300,0,257,0,9,0,0,266,0,34,0,371,343,20,363,8,125,117,4,121,4,85,77,0,77,8,34,30,0,30,4,51,47,47,4,32,17,15
NJ-503,"Camden City & County/Gloucester, Cape May, Cumberland Counties CoC","1,291",850,248,0,"1,098",193,714,10,374,3,179,7,0,553,10,161,0,577,476,69,545,32,186,155,20,175,11,138,83,0,83,55,116,64,0,64,52,22,19,19,3,47,36,11
NJ-504,Newark/Essex County CoC,"1,646","1,073",409,0,"1,482",164,888,7,682,7,70,0,0,752,7,136,0,758,391,339,730,28,262,137,117,254,8,207,159,0,159,48,190,144,0,144,46,17,15,15,2,67,50,17
NJ-506,"Jersey City, Bayonne/Hudson County CoC",942,455,202,0,657,285,624,0,269,0,84,0,0,353,0,271,0,318,186,118,304,14,121,69,46,115,6,145,38,0,38,107,131,36,0,36,95,14,2,2,12,46,29,17
NJ-507,New Brunswick/Middlesex County CoC,"1,031",559,229,0,788,243,456,6,189,6,84,0,0,273,6,183,0,575,370,145,515,60,185,119,47,166,19,100,43,0,43,57,63,9,0,9,54,37,34,34,3,44,23,21
NJ-508,Monmouth County CoC,918,688,194,0,882,36,364,2,309,2,28,0,0,337,2,27,0,554,379,166,545,9,202,135,64,199,3,68,61,0,61,7,48,41,0,41,7,20,20,20,0,16,12,4
NJ-509,Morris County CoC,346,178,102,19,299,47,201,0,103,0,34,0,19,156,0,45,0,145,75,68,143,2,57,29,27,56,1,48,24,8,32,16,41,17,8,25,16,7,7,7,0,11,9,2
NJ-510,Lakewood Township/Ocean County CoC,682,572,17,0,589,93,369,4,268,2,12,1,0,280,3,89,1,313,304,5,309,4,100,97,1,98,2,90,63,0,63,27,72,45,0,45,27,18,18,18,0,16,8,8
NJ-511,Paterson/Passaic County CoC,440,329,57,0,386,54,200,0,147,0,9,0,0,156,0,44,0,240,182,48,230,10,81,62,15,77,4,42,37,0,37,5,29,24,0,24,5,13,13,13,0,9,8,1
NJ-512,Salem County CoC,44,17,23,0,40,4,21,0,8,0,9,0,0,17,0,4,0,23,9,14,23,0,9,4,5,9,0,0,0,0,0,0,0,0,0,0,0,0,0,0,0,2,1,1
NJ-513,Somerset County CoC,312,188,116,0,304,8,197,10,89,7,105,3,0,194,10,3,0,115,99,11,110,5,42,37,3,40,2,39,39,0,39,0,33,33,0,33,0,6,6,6,0,99,99,0
NJ-514,Trenton/Mercer County CoC,668,338,263,0,601,67,380,0,197,0,137,0,0,334,0,46,0,288,141,126,267,21,78,47,25,72,6,58,46,0,46,12,49,37,0,37,12,9,9,9,0,37,26,11
NJ-515,Elizabeth/Union County CoC,"1,648",336,"1,265",0,"1,601",47,526,1,193,1,297,0,0,490,1,36,0,"1,122",143,968,"1,111",11,371,55,313,368,3,27,21,0,21,6,20,14,0,14,6,7,7,7,0,14,13,1
NJ-516,"Warren, Sussex, Hunterdon Counties CoC",271,169,64,0,233,38,156,0,81,0,45,0,0,126,0,30,0,115,88,19,107,8,39,30,6,36,3,33,24,0,24,9,31,22,0,22,9,2,2,2,0,39,37,2
NM-500,Albuquerque CoC,"1,171",619,408,0,"1,027",144,817,0,502,0,173,0,0,675,0,142,0,354,117,235,352,2,122,40,81,121,1,233,166,0,166,67,225,160,0,160,65,8,6,6,2,170,145,25
NM-501,New Mexico Balance of State CoC,"1,648",876,488,0,"1,364",284,969,81,596,56,140,5,0,736,61,233,20,679,280,348,628,51,201,83,100,183,18,292,140,0,140,152,174,80,0,80,94,118,60,60,58,73,38,35
NV-500,Las Vegas/Clark County CoC,"5,952","2,047",853,20,"2,920","3,032","5,349",439,"1,705",16,606,18,20,"2,331",34,"3,018",405,603,342,247,589,14,219,131,83,214,5,529,218,1,219,310,529,218,1,219,310,0,0,0,0,706,406,300
NV-501,"Reno, Sparks/Washoe County CoC",746,380,277,0,657,89,589,9,256,1,249,6,0,505,7,84,2,157,124,28,152,5,75,59,14,73,2,150,139,0,139,11,150,139,0,139,11,0,0,0,0,73,64,9
NV-502,Nevada Balance of State CoC,341,69,52,0,121,220,262,0,54,0,9,0,0,63,0,199,0,79,15,43,58,21,22,5,12,17,5,45,19,0,19,26,39,17,0,17,22,6,2,2,4,11,7,4
NY-500,"Rochester, Irondequoit, Greece/Monroe County CoC","1,007",544,323,16,883,124,441,41,223,11,136,14,16,375,25,66,16,566,321,187,508,58,169,91,68,159,10,91,25,16,41,50,63,25,16,41,22,28,0,0,28,48,47,1
NY-501,"Elmira/Steuben, Allegany, Livingston, Chemung, Schuyler Counties CoC",349,95,212,0,307,42,270,4,68,0,183,1,0,251,1,19,3,79,27,29,56,23,29,12,11,23,6,22,10,0,10,12,17,10,0,10,7,5,0,0,5,87,79,8
NY-503,Albany City & County CoC,728,557,152,0,709,19,444,19,303,2,122,17,0,425,19,19,0,284,254,30,284,0,94,83,11,94,0,101,82,0,82,19,80,61,0,61,19,21,21,21,0,89,80,9
NY-504,Cattaragus County CoC,47,28,17,0,45,2,13,0,10,0,1,0,0,11,0,2,0,34,18,16,34,0,12,6,6,12,0,3,3,0,3,0,3,3,0,3,0,0,0,0,0,0,0,0
NY-505,"Syracuse, Auburn/Onondaga, Oswego, Cayuga Counties CoC",994,539,402,0,941,53,750,48,421,16,298,25,0,719,41,31,7,244,118,104,222,22,88,43,41,84,4,123,92,0,92,31,96,83,0,83,13,27,9,9,18,74,72,2
NY-506,"Fulton, Montgomery, Schoharie Counties CoC",43,40,0,0,40,3,29,0,26,0,0,0,0,26,0,3,0,14,14,0,14,0,5,5,0,5,0,0,0,0,0,0,0,0,0,0,0,0,0,0,0,1,0,1
NY-507,Schenectady City & County CoC,327,266,36,0,302,25,194,0,153,0,16,0,0,169,0,25,0,133,113,20,133,0,50,43,7,50,0,52,34,0,34,18,44,26,0,26,18,8,8,8,0,25,17,8
NY-508,"Buffalo, Niagara Falls/Erie, Niagara, Orleans, Genesee, Wyoming Counties CoC","1,162",504,530,14,"1,048",114,804,18,366,12,316,6,14,696,18,108,0,358,138,214,352,6,112,46,65,111,1,148,72,10,82,66,146,70,10,80,66,2,2,2,0,109,100,9
NY-510,Ithaca/Tompkins County CoC,47,13,26,0,39,8,28,1,13,0,7,1,0,20,1,8,0,19,0,19,19,0,9,0,9,9,0,3,2,0,2,1,3,2,0,2,1,0,0,0,0,1,0,1
NY-511,"Binghamton, Union Town/Broome, Otsego, Chenango, Delaware, Cortland, Tioga Count",276,129,135,0,264,12,233,0,96,0,125,0,0,221,0,12,0,43,33,10,43,0,15,10,5,15,0,1,1,0,1,0,1,1,0,1,0,0,0,0,0,8,8,0
NY-512,Troy/Rensselaer County CoC,188,106,36,0,142,46,101,2,48,2,7,0,0,55,2,46,0,87,58,29,87,0,30,21,9,30,0,44,17,0,17,27,32,5,0,5,27,12,12,12,0,22,18,4
NY-513,"Wayne, Ontario, Seneca, Yates Counties CoC",171,139,32,0,171,0,159,29,127,25,32,4,0,159,29,0,0,12,12,0,12,0,3,3,0,3,0,21,21,0,21,0,21,21,0,21,0,0,0,0,0,62,62,0
NY-514,"Jamestown, Dunkirk/Chautauqua County CoC",62,39,22,0,61,1,36,11,18,2,17,9,0,35,11,1,0,26,21,5,26,0,8,6,2,8,0,1,0,0,0,1,1,0,0,0,1,0,0,0,0,0,0,0
NY-516,Clinton County CoC,140,133,0,0,133,7,91,0,84,0,0,0,0,84,0,7,0,49,49,0,49,0,17,17,0,17,0,25,20,0,20,5,23,18,0,18,5,2,2,2,0,7,4,3
NY-518,"Utica, Rome/Oneida, Madison Counties CoC",200,122,61,0,183,17,98,1,73,0,8,1,0,81,1,17,0,102,49,53,102,0,40,21,19,40,0,37,31,0,31,6,26,20,0,20,6,11,11,11,0,6,5,1
NY-519,"Columbia, Greene Counties CoC",112,99,9,0,108,4,67,0,63,0,0,0,0,63,0,4,0,45,36,9,45,0,14,12,2,14,0,2,2,0,2,0,2,2,0,2,0,0,0,0,0,1,1,0
NY-520,"Franklin, Essex Counties CoC",34,31,0,0,31,3,30,0,27,0,0,0,0,27,0,3,0,4,4,0,4,0,1,1,0,1,0,9,7,0,7,2,5,3,0,3,2,4,4,4,0,6,4,2
NY-522,"Jefferson, Lewis, St. Lawrence Counties CoC",83,75,0,0,75,8,72,0,64,0,0,0,0,64,0,8,0,11,11,0,11,0,4,4,0,4,0,28,25,0,25,3,24,21,0,21,3,4,4,4,0,21,17,4
NY-523,"Glens Falls, Saratoga Springs/Saratoga, Washington, Warren, Hamilton Counties Co",262,169,55,0,224,38,180,14,110,11,35,0,0,145,11,35,3,82,59,20,79,3,33,23,9,32,1,24,15,0,15,9,21,15,0,15,6,3,0,0,3,55,42,13
NY-600,New York City CoC,"64,060","53,482","7,272",126,"60,880","3,180","24,459",12,"16,627",4,"4,526",0,126,"21,279",4,"3,180",8,"39,601","36,855","2,746","39,601",0,"11,516","10,599",917,"11,516",0,"4,328","2,172",126,"2,298","2,030","2,839",683,126,809,"2,030","1,489","1,489","1,489",0,"3,547","3,211",336
NY-601,Poughkeepsie/Dutchess County CoC,397,196,188,0,384,13,185,20,97,11,75,9,0,172,20,13,0,212,99,113,212,0,78,39,39,78,0,25,16,0,16,9,17,8,0,8,9,8,8,8,0,7,6,1
NY-602,"Newburgh, Middletown/Orange County CoC",459,233,47,0,280,179,328,9,140,8,9,0,0,149,8,179,1,131,93,38,131,0,43,29,14,43,0,134,50,0,50,84,122,38,0,38,84,12,12,12,0,14,6,8
NY-603,"Nassau, Suffolk Counties CoC","3,123","2,428",578,0,"3,006",117,"1,016",3,696,2,203,1,0,899,3,117,0,"2,107","1,732",375,"2,107",0,656,548,108,656,0,466,453,0,453,13,131,118,0,118,13,335,335,335,0,286,244,42
NY-604,"Yonkers, Mount Vernon/Westchester County CoC","2,054",873,"1,159",0,"2,032",22,708,10,528,6,160,1,0,688,7,20,3,"1,346",345,999,"1,344",2,439,105,333,438,1,437,424,0,424,13,225,212,0,212,13,212,212,212,0,173,169,4
NY-606,Rockland County CoC,107,62,42,0,104,3,55,0,23,0,29,0,0,52,0,3,0,52,39,13,52,0,19,14,5,19,0,3,0,0,0,3,3,0,0,0,3,0,0,0,0,1,1,0
NY-607,Sullivan County CoC,556,549,0,0,549,7,215,0,208,0,0,0,0,208,0,7,0,341,341,0,341,0,123,123,0,123,0,108,108,0,108,0,60,60,0,60,0,48,48,48,0,4,4,0
NY-608,Kingston/Ulster County CoC,442,291,41,0,332,110,229,12,116,12,25,0,0,141,12,88,0,213,175,16,191,22,68,57,6,63,5,81,51,0,51,30,40,16,0,16,24,41,35,35,6,5,4,1
OH-500,Cincinnati/Hamilton County CoC,"1,326",636,664,0,"1,300",26,825,7,476,7,323,0,0,799,7,26,0,501,160,341,501,0,148,50,98,148,0,274,262,0,262,12,274,262,0,262,12,0,0,0,0,175,171,4
OH-501,Toledo/Lucas County CoC,900,484,370,11,865,35,568,0,331,0,191,0,11,533,0,35,0,332,153,179,332,0,107,51,56,107,0,149,124,11,135,14,149,124,11,135,14,0,0,0,0,54,52,2
OH-502,Cleveland/Cuyahoga County CoC,"2,129","1,137",896,19,"2,052",77,"1,530",7,849,7,585,0,19,"1,453",7,77,0,599,288,311,599,0,195,94,101,195,0,303,247,19,266,37,291,235,19,254,37,12,12,12,0,313,299,14
OH-503,Columbus/Franklin County CoC,"1,488","1,016",228,0,"1,244",244,"1,091",16,746,9,114,7,0,860,16,231,0,397,270,114,384,13,123,81,38,119,4,309,132,0,132,177,309,132,0,132,177,0,0,0,0,148,122,26
OH-504,Youngstown/Mahoning County CoC,227,121,97,7,225,2,98,3,59,3,30,0,7,96,3,2,0,129,62,67,129,0,38,15,23,38,0,42,41,0,41,1,38,37,0,37,1,4,4,4,0,15,15,0
OH-505,"Dayton, Kettering/Montgomery County CoC","1,041",616,349,20,985,56,619,4,407,4,136,0,20,563,4,56,0,422,209,213,422,0,133,64,69,133,0,64,39,8,47,17,61,36,8,44,17,3,3,3,0,131,128,3
OH-506,"Akron, Barberton/Summit County CoC",862,345,330,10,685,177,565,11,238,8,159,3,10,407,11,158,0,297,107,171,278,19,94,32,56,88,6,211,100,5,105,106,209,98,5,103,106,2,2,2,0,97,35,62
OH-507,Ohio Balance of State CoC,"3,830","1,734","1,421",10,"3,165",665,"2,023",12,947,12,560,0,10,"1,517",12,506,0,"1,807",787,861,"1,648",159,571,250,281,531,40,330,167,5,172,158,292,133,5,138,154,38,34,34,4,227,184,43
OH-508,"Canton, Massillon, Alliance/Stark County CoC",522,247,200,19,466,56,292,1,143,0,82,0,19,244,0,48,1,230,104,118,222,8,92,35,54,89,3,71,29,18,47,24,54,12,18,30,24,17,17,17,0,52,44,8
OK-500,North Central Oklahoma CoC,190,78,67,0,145,45,87,2,23,1,38,0,0,61,1,26,1,103,55,29,84,19,36,19,10,29,7,35,28,0,28,7,16,11,0,11,5,19,17,17,2,14,13,1
OK-501,Tulsa City & County CoC,"1,008",583,257,46,886,122,835,15,502,10,181,2,46,729,12,106,3,173,81,76,157,16,58,31,21,52,6,114,59,21,80,34,114,59,21,80,34,0,0,0,0,149,136,13
OK-502,Oklahoma City CoC,"1,362",820,249,0,"1,069",293,"1,123",7,694,7,138,0,0,832,7,291,0,239,126,111,237,2,87,43,43,86,1,313,97,0,97,216,288,72,0,72,216,25,25,25,0,188,140,48
OK-503,Oklahoma Balance of State CoC,272,113,36,0,149,123,155,14,83,10,10,0,0,93,10,62,4,117,30,26,56,61,48,11,11,22,26,39,13,0,13,26,21,7,0,7,14,18,6,6,12,9,6,3
OK-504,Norman/Cleveland County CoC,368,60,153,0,213,155,243,23,45,1,68,19,0,113,20,130,3,125,15,85,100,25,38,5,24,29,9,44,25,0,25,19,42,23,0,23,19,2,2,2,0,9,3,6
OK-505,Northeast Oklahoma CoC,487,288,30,0,318,169,304,22,186,13,14,0,0,200,13,104,9,183,102,16,118,65,60,34,4,38,22,112,67,0,67,45,89,52,0,52,37,23,15,15,8,26,22,4
OK-506,Southwest Oklahoma Regional CoC,196,99,60,0,159,37,111,0,68,0,22,0,0,90,0,21,0,85,31,38,69,16,27,9,11,20,7,8,4,0,4,4,8,4,0,4,4,0,0,0,0,30,10,20
OK-507,Southeastern Oklahoma Regional CoC,525,260,63,0,323,202,321,49,163,43,39,0,0,202,43,119,6,204,97,24,121,83,72,27,10,37,35,54,16,0,16,38,39,11,0,11,28,15,5,5,10,12,8,4
OR-500,"Eugene, Springfield/Lane County CoC","1,751",388,261,0,649,"1,102","1,404",35,318,7,64,3,0,382,10,"1,022",25,347,70,197,267,80,108,24,59,83,25,415,140,0,140,275,368,123,0,123,245,47,17,17,30,229,78,151
OR-501,"Portland, Gresham/Multnomah County CoC","4,441",974,"1,572",0,"2,546","1,895","3,183",37,623,20,788,3,0,"1,411",23,"1,772",14,"1,258",351,784,"1,135",123,398,115,246,361,37,"1,150",158,0,158,992,"1,006",110,0,110,896,144,48,48,96,413,198,215
OR-502,"Medford, Ashland/Jackson County CoC",548,237,199,0,436,112,472,17,213,9,150,8,0,363,17,109,0,76,24,49,73,3,24,8,15,23,1,172,115,0,115,57,166,113,0,113,53,6,2,2,4,226,198,28
OR-503,Central Oregon CoC,506,126,135,0,261,245,316,34,94,9,56,9,0,150,18,166,16,190,32,79,111,79,60,10,25,35,25,137,19,0,19,118,73,16,0,16,57,64,3,3,61,40,18,22
OR-505,Oregon Balance of State CoC,"5,525",969,"1,225",5,"2,199","3,326","2,978",131,716,26,438,16,5,"1,159",42,"1,819",89,"2,547",253,787,"1,040","1,507",834,88,245,333,501,901,276,3,279,622,628,211,3,214,414,273,65,65,208,459,153,306
OR-506,"Hillsboro, Beaverton/Washington County CoC",432,66,126,8,200,232,303,4,13,2,94,0,8,115,2,188,2,129,53,32,85,44,47,19,11,30,17,77,0,8,8,69,69,0,8,8,61,8,0,0,8,91,64,27
OR-507,Clackamas County CoC,619,40,101,0,141,478,338,11,6,0,16,1,0,22,1,316,10,281,34,85,119,162,53,12,28,40,13,191,4,0,4,187,134,4,0,4,130,57,0,0,57,36,0,36
PA-500,Philadelphia CoC,"5,645","3,238","1,782",99,"5,119",526,"3,070",22,"1,844",21,601,1,99,"2,544",22,526,0,"2,575","1,394","1,181","2,575",0,911,491,420,911,0,633,150,70,220,413,597,114,70,184,413,36,36,36,0,440,369,71
PA-501,Harrisburg/Dauphin County CoC,390,184,143,15,342,48,214,0,120,0,46,0,15,181,0,33,0,176,64,97,161,15,59,21,35,56,3,76,35,15,50,26,59,27,15,42,17,17,8,8,9,37,32,5
PA-502,"Upper Darby, Chester, Haverford/Delaware County CoC",546,292,209,0,501,45,251,0,165,0,41,0,0,206,0,45,0,295,127,168,295,0,86,41,45,86,0,38,26,0,26,12,34,22,0,22,12,4,4,4,0,27,21,6
PA-503,"Wilkes-Barre, Hazleton/Luzerne County CoC",165,65,88,0,153,12,106,0,42,0,52,0,0,94,0,12,0,59,23,36,59,0,22,8,14,22,0,3,2,0,2,1,3,2,0,2,1,0,0,0,0,21,20,1
PA-504,"Lower Merion, Norristown, Abington/Montgomery County CoC",464,185,266,0,451,13,184,0,108,0,63,0,0,171,0,13,0,280,77,203,280,0,85,24,61,85,0,18,15,0,15,3,18,15,0,15,3,0,0,0,0,13,12,1
PA-505,Chester County CoC,641,240,350,8,598,43,498,0,201,0,246,0,8,455,0,43,0,143,39,104,143,0,45,11,34,45,0,72,56,7,63,9,72,56,7,63,9,0,0,0,0,259,259,0
PA-506,Reading/Berks County CoC,468,243,212,0,455,13,276,0,188,0,75,0,0,263,0,13,0,192,55,137,192,0,61,18,43,61,0,88,75,0,75,13,88,75,0,75,13,0,0,0,0,32,29,3
PA-508,Scranton/Lackawanna County CoC,252,62,181,4,247,5,92,0,37,0,46,0,4,87,0,5,0,160,25,135,160,0,50,8,42,50,0,22,13,4,17,5,22,13,4,17,5,0,0,0,0,33,33,0
PA-509,Eastern Pennsylvania CoC,"2,081",856,908,0,"1,764",317,974,10,473,7,245,3,0,718,10,256,0,"1,107",383,663,"1,046",61,363,119,224,343,20,202,92,0,92,110,179,77,0,77,102,23,15,15,8,136,83,53
PA-510,Lancaster City & County CoC,518,202,306,0,508,10,259,0,129,0,120,0,0,249,0,10,0,259,73,186,259,0,94,30,64,94,0,34,32,0,32,2,34,32,0,32,2,0,0,0,0,36,33,3
PA-511,"Bristol, Bensalem/Bucks County CoC",451,110,300,0,410,41,136,4,60,4,35,0,0,95,4,41,0,315,50,265,315,0,102,14,88,102,0,13,8,0,8,5,13,8,0,8,5,0,0,0,0,16,12,4
PA-512,York City & County CoC,278,132,116,0,248,30,125,0,65,0,50,0,0,115,0,10,0,153,67,66,133,20,53,24,23,47,6,35,25,0,25,10,16,13,0,13,3,19,12,12,7,17,14,3
PA-600,"Pittsburgh, McKeesport, Penn Hills/Allegheny County CoC","1,492",369,964,68,"1,401",91,827,0,253,0,415,0,68,736,0,91,0,665,116,549,665,0,230,38,192,230,0,214,113,68,181,33,207,106,68,174,33,7,7,7,0,207,191,16
PA-601,Western Pennsylvania CoC,"1,170",521,504,35,"1,060",110,654,0,356,0,184,0,35,575,0,79,0,516,165,320,485,31,171,58,104,162,9,176,140,18,158,18,154,118,18,136,18,22,22,22,0,161,157,4
PA-603,Beaver County CoC,90,21,66,0,87,3,49,0,4,0,42,0,0,46,0,3,0,41,17,24,41,0,15,5,10,15,0,15,14,0,14,1,2,1,0,1,1,13,13,13,0,2,1,1
PA-605,Erie City & County CoC,435,223,160,0,383,52,258,0,162,0,70,0,0,232,0,26,0,177,61,90,151,26,62,19,33,52,10,42,32,0,32,10,38,28,0,28,10,4,4,4,0,25,24,1
PR-502,Puerto Rico Balance of Commonwealth CoC,"2,094",188,718,21,927,"1,167","1,789",3,165,0,498,0,21,684,0,"1,105",3,305,23,220,243,62,97,8,66,74,23,659,95,21,116,543,655,95,21,116,539,4,0,0,4,28,15,13
PR-503,South-Southeast Puerto Rico CoC,"2,034",151,277,47,475,"1,559","1,681",1,135,0,191,0,47,373,0,"1,308",1,353,16,86,102,251,88,8,25,33,55,"1,471",100,45,145,"1,326",974,95,45,140,834,497,5,5,492,54,25,29
RI-500,Rhode Island Statewide CoC,"1,384",850,400,17,"1,267",117,862,4,564,2,172,2,17,753,4,109,0,522,286,228,514,8,177,96,79,175,2,251,182,16,198,53,243,174,16,190,53,8,8,8,0,97,95,2
SC-500,Charleston/Low Country CoC,733,181,151,0,332,401,635,0,128,0,106,0,0,234,0,401,0,98,53,45,98,0,21,9,12,21,0,105,39,0,39,66,102,36,0,36,66,3,3,3,0,177,116,61
SC-501,"Greenville, Anderson, Spartanburg/Upstate CoC","2,308",713,875,12,"1,600",708,"1,488",0,548,0,451,0,12,"1,011",0,477,0,820,165,424,589,231,301,70,131,201,100,106,11,12,23,83,96,11,12,23,73,10,0,0,10,107,57,50
SC-502,Columbia/Midlands CoC,"2,007",609,464,0,"1,073",934,"1,558",0,478,0,278,0,0,756,0,802,0,449,131,186,317,132,169,46,69,115,54,179,70,0,70,109,164,55,0,55,109,15,15,15,0,243,142,101
SC-503,"Myrtle Beach, Sumter City & County CoC","1,496",174,232,0,406,"1,090","1,055",4,146,0,192,2,0,338,2,717,2,441,28,40,68,373,149,11,17,28,121,93,11,0,11,82,91,11,0,11,80,2,0,0,2,109,30,79
SD-500,South Dakota Statewide CoC,"1,094",433,322,0,755,339,557,20,255,17,139,3,0,394,20,163,0,537,178,183,361,176,154,56,59,115,39,217,71,0,71,146,117,42,0,42,75,100,29,29,71,125,106,19
TN-500,Chattanooga/Southeast Tennessee CoC,591,280,142,0,422,169,389,0,245,0,45,0,0,290,0,99,0,202,35,97,132,70,66,14,32,46,20,102,70,0,70,32,85,53,0,53,32,17,17,17,0,50,37,13
TN-501,Memphis/Shelby County CoC,"1,816",461,"1,199",0,"1,660",156,"1,151",0,356,0,639,0,0,995,0,156,0,665,105,560,665,0,216,33,183,216,0,177,82,0,82,95,174,79,0,79,95,3,3,3,0,218,197,21
TN-502,Knoxville/Knox County CoC,993,440,410,0,850,143,897,6,404,2,358,4,0,762,6,135,0,96,36,52,88,8,35,15,18,33,2,167,99,0,99,68,165,97,0,97,68,2,2,2,0,99,85,14
TN-503,Central Tennessee CoC,283,124,146,0,270,13,245,0,94,0,140,0,0,234,0,11,0,38,30,6,36,2,15,12,2,14,1,32,24,0,24,8,28,20,0,20,8,4,4,4,0,45,43,2
TN-504,Nashville-Davidson County CoC,"2,069","1,171",637,11,"1,819",250,"1,806",19,"1,038",2,507,17,11,"1,556",19,250,0,263,133,130,263,0,90,43,47,90,0,943,683,10,693,250,919,659,10,669,250,24,24,24,0,305,250,55
TN-506,Upper Cumberland CoC,372,80,68,0,148,224,207,7,60,0,26,0,0,86,0,121,7,165,20,42,62,103,51,6,15,21,30,74,18,0,18,56,43,14,0,14,29,31,4,4,27,11,3,8
TN-507,Jackson/West Tennessee CoC,"1,673",190,72,8,270,"1,403","1,021",3,74,0,33,0,8,115,0,906,3,652,116,39,155,497,227,41,16,57,170,264,34,8,42,222,181,19,8,27,154,83,15,15,68,105,35,70
TN-509,Appalachian Regional CoC,694,347,70,0,417,277,487,37,263,1,54,0,0,317,1,170,36,207,84,16,100,107,86,41,8,49,37,216,49,0,49,167,132,45,0,45,87,84,4,4,80,101,63,38
TN-510,Murfreesboro/Rutherford County CoC,241,106,55,0,161,80,177,0,56,0,44,0,0,100,0,77,0,64,50,11,61,3,20,16,3,19,1,71,25,0,25,46,71,25,0,25,46,0,0,0,0,20,11,9
TN-512,"Morristown/Blount, Sevier, Campbell, Cocke Counties CoC",796,222,82,0,304,492,529,6,117,0,60,1,0,177,1,352,5,267,105,22,127,140,74,28,8,36,38,173,60,0,60,113,131,50,0,50,81,42,10,10,32,37,4,33
TX-500,San Antonio/Bexar County CoC,"2,980","1,033",660,44,"1,737","1,243","2,165",53,650,3,228,50,44,922,53,"1,243",0,815,383,432,815,0,338,131,207,338,0,621,422,41,463,158,297,177,41,218,79,324,245,245,79,122,88,34
TX-503,Austin/Travis County CoC,"2,090",847,463,15,"1,325",765,"1,474",21,627,15,67,6,15,709,21,765,0,616,220,396,616,0,195,68,127,195,0,458,115,15,130,328,432,89,15,104,328,26,26,26,0,300,125,175
TX-600,"Dallas City & County, Irving CoC","3,163","1,708","1,181",23,"2,912",251,"1,962",19,"1,152",13,545,4,23,"1,720",17,242,2,"1,201",556,636,"1,192",9,390,178,209,387,3,502,392,21,413,89,443,345,21,366,77,59,47,47,12,303,263,40
TX-601,"Fort Worth, Arlington/Tarrant County CoC","2,390","1,126",965,18,"2,109",281,"1,282",12,771,12,212,0,18,"1,001",12,281,0,"1,108",355,753,"1,108",0,336,110,226,336,0,226,147,12,159,67,208,129,12,141,67,18,18,18,0,217,166,51
TX-603,El Paso City & County CoC,"1,217",544,472,20,"1,036",181,717,8,390,5,135,3,20,545,8,172,0,500,154,337,491,9,149,45,101,146,3,131,81,12,93,38,96,50,12,62,34,35,31,31,4,136,80,56
TX-604,Waco/McLennan County CoC,295,118,111,1,230,65,118,0,54,0,14,0,1,69,0,49,0,177,64,97,161,16,71,32,35,67,4,30,11,0,11,19,26,11,0,11,15,4,0,0,4,32,17,15
TX-607,Texas Balance of State CoC,"10,128","2,575","1,363",0,"3,938","6,190","7,519",556,"1,293",77,885,42,0,"2,178",119,"5,341",437,"2,609","1,282",478,"1,760",849,730,357,140,497,233,"2,022",456,0,456,"1,566","1,861",392,0,392,"1,469",161,64,64,97,"1,766",701,"1,065"
TX-611,Amarillo CoC,516,398,70,0,468,48,391,0,338,0,5,0,0,343,0,48,0,125,60,65,125,0,40,21,19,40,0,122,105,0,105,17,120,103,0,103,17,2,2,2,0,106,96,10
TX-624,"Wichita Falls/Wise, Palo Pinto, Wichita, Archer Counties CoC",302,253,0,0,253,49,235,13,186,12,0,0,0,186,12,49,1,67,67,0,67,0,28,28,0,28,0,86,56,0,56,30,75,45,0,45,30,11,11,11,0,9,9,0
TX-700,"Houston, Pasadena, Conroe/Harris, Ft. Bend, Montgomery, Counties CoC","6,359","1,241","2,127",13,"3,381","2,978","4,794",36,741,17,"1,171",0,13,"1,925",17,"2,869",19,"1,565",500,956,"1,456",109,524,158,323,481,43,"1,309",248,10,258,"1,051","1,184",201,10,211,973,125,47,47,78,877,452,425
TX-701,"Bryan, College Station/Brazos Valley CoC",175,92,44,0,136,39,101,0,57,0,26,0,0,83,0,18,0,74,35,18,53,21,25,12,5,17,8,28,24,0,24,4,28,24,0,24,4,0,0,0,0,10,10,0
UT-500,Salt Lake City & County CoC,"2,133","1,367",618,49,"2,034",99,"1,341",6,928,2,268,3,49,"1,245",5,96,1,792,439,350,789,3,244,137,106,243,1,313,224,49,273,40,241,156,49,205,36,72,68,68,4,247,241,6
UT-503,Utah Balance of State CoC,891,337,363,0,700,191,459,0,192,0,98,0,0,290,0,169,0,432,145,265,410,22,135,45,82,127,8,119,69,0,69,50,86,56,0,56,30,33,13,13,20,69,42,27
UT-504,Provo/Mountainland CoC,253,69,56,0,125,128,159,7,52,7,6,0,0,58,7,101,0,94,17,50,67,27,27,7,14,21,6,22,7,0,7,15,20,7,0,7,13,2,0,0,2,11,7,4
VA-500,"Richmond/Henrico, Chesterfield, Hanover Counties CoC",881,463,349,13,825,56,704,0,355,0,282,0,13,650,0,54,0,177,108,67,175,2,56,30,25,55,1,58,46,2,48,10,49,37,2,39,10,9,9,9,0,109,101,8
VA-501,"Norfolk, Chesapeake, Suffolk/Isle of Wight, Southampton Counties CoC",742,528,169,0,697,45,497,0,391,0,65,0,0,456,0,41,0,245,137,104,241,4,74,41,31,72,2,76,54,0,54,22,71,51,0,51,20,5,3,3,2,66,57,9
VA-502,"Roanoke City & County, Salem CoC",442,342,83,0,425,17,315,0,244,0,54,0,0,298,0,17,0,127,98,29,127,0,41,31,10,41,0,91,85,0,85,6,82,76,0,76,6,9,9,9,0,70,69,1
VA-503,Virginia Beach CoC,456,192,197,0,389,67,256,1,131,1,58,0,0,189,1,67,0,200,61,139,200,0,63,20,43,63,0,93,63,0,63,30,89,59,0,59,30,4,4,4,0,78,69,9
VA-504,Charlottesville CoC,195,128,39,0,167,28,153,1,124,1,1,0,0,125,1,28,0,42,4,38,42,0,13,2,11,13,0,65,48,0,48,17,61,44,0,44,17,4,4,4,0,16,10,6
VA-505,"Newport News, Hampton/Virginia Peninsula CoC",533,339,133,22,494,39,370,0,266,0,45,0,22,333,0,37,0,163,73,88,161,2,50,24,25,49,1,112,72,22,94,18,112,72,22,94,18,0,0,0,0,151,147,4
VA-507,Portsmouth CoC,247,103,55,0,158,89,153,0,48,0,23,0,0,71,0,82,0,94,55,32,87,7,31,17,12,29,2,16,8,0,8,8,16,8,0,8,8,0,0,0,0,17,12,5
VA-508,Lynchburg CoC,150,85,59,0,144,6,76,1,45,1,25,0,0,70,1,6,0,74,40,34,74,0,22,12,10,22,0,9,7,0,7,2,9,7,0,7,2,0,0,0,0,7,5,2
VA-513,"Harrisburg, Winchester/Western Virginia CoC",355,282,4,0,286,69,243,0,184,0,4,0,0,188,0,55,0,112,98,0,98,14,36,33,0,33,3,122,89,0,89,33,102,74,0,74,28,20,15,15,5,31,24,7
VA-514,"Fredericksburg/Spotsylvania, Stafford Counties CoC",192,133,31,0,164,28,122,0,94,0,0,0,0,94,0,28,0,70,39,31,70,0,24,13,11,24,0,56,37,0,37,19,51,32,0,32,19,5,5,5,0,21,16,5
VA-521,Virginia Balance of State CoC,715,398,176,0,574,141,322,0,186,0,34,0,0,220,0,102,0,393,212,142,354,39,138,76,50,126,12,83,36,0,36,47,61,23,0,23,38,22,13,13,9,36,28,8
VA-600,Arlington County CoC,479,184,146,3,333,146,268,2,114,0,5,2,3,122,2,146,0,211,70,141,211,0,70,24,46,70,0,157,61,3,64,93,156,60,3,63,93,1,1,1,0,14,7,7
VA-601,Fairfax County CoC,"1,350",699,539,8,"1,246",104,603,0,414,0,77,0,8,499,0,104,0,747,285,462,747,0,230,90,140,230,0,253,161,8,169,84,243,151,8,159,84,10,10,10,0,57,53,4
VA-602,Loudoun County CoC,166,71,54,0,125,41,81,0,39,0,4,0,0,43,0,38,0,85,32,50,82,3,24,11,12,23,1,28,12,0,12,16,28,12,0,12,16,0,0,0,0,9,3,6
VA-603,Alexandria CoC,275,163,71,12,246,29,185,0,120,0,24,0,12,156,0,29,0,90,43,47,90,0,33,15,18,33,0,74,43,10,53,21,69,38,10,48,21,5,5,5,0,11,9,2
VA-604,Prince William County CoC,447,175,155,0,330,117,184,1,68,0,5,0,0,73,0,111,1,263,107,150,257,6,79,30,46,76,3,63,8,0,8,55,63,8,0,8,55,0,0,0,0,26,15,11
VI-500,Virgin Islands CoC,482,68,51,0,119,363,444,0,46,0,35,0,0,81,0,363,0,38,22,16,38,0,11,7,4,11,0,87,0,0,0,87,87,0,0,0,87,0,0,0,0,33,2,31
VT-500,Vermont Balance of State CoC,971,631,231,4,866,105,419,6,227,5,109,1,4,340,6,79,0,552,404,122,526,26,198,147,43,190,8,104,85,0,85,19,81,62,0,62,19,23,23,23,0,98,88,10
VT-501,Burlington/Chittenden County CoC,483,328,76,0,404,79,282,1,152,1,55,0,0,207,1,75,0,201,176,21,197,4,64,56,7,63,1,113,55,0,55,58,102,48,0,48,54,11,7,7,4,30,23,7
WA-500,Seattle/King County CoC,"9,106","2,874","3,452",44,"6,370","2,736","5,986",55,"2,176",16,"1,030",20,44,"3,250",36,"2,736",19,"3,120",698,"2,422","3,120",0,894,204,690,894,0,869,467,35,502,367,854,452,35,487,367,15,15,15,0,682,589,93
WA-501,Washington Balance of State CoC,"4,671","1,451","1,617",0,"3,068","1,603","2,518",22,814,11,502,5,0,"1,316",16,"1,202",6,"2,153",637,"1,115","1,752",401,721,214,393,607,114,774,279,0,279,495,617,231,0,231,386,157,48,48,109,303,207,96
WA-502,Spokane City & County CoC,"1,030",508,462,0,970,60,602,17,373,16,174,0,0,547,16,55,1,428,135,288,423,5,152,58,92,150,2,103,91,0,91,12,86,74,0,74,12,17,17,17,0,132,125,7
WA-503,"Tacoma, Lakewood/Pierce County CoC","1,303",550,633,0,"1,183",120,539,0,328,0,94,0,0,422,0,117,0,764,222,539,761,3,228,64,163,227,1,151,82,0,82,69,131,62,0,62,69,20,20,20,0,93,84,9
WA-504,Everett/Snohomish County CoC,947,352,251,0,603,344,620,20,210,6,91,12,0,301,18,319,2,327,142,160,302,25,110,43,59,102,8,210,75,0,75,135,158,60,0,60,98,52,15,15,37,64,33,31
WA-508,Vancouver/Clark County CoC,703,234,269,10,513,190,352,31,131,11,55,18,10,196,29,156,2,351,103,214,317,34,112,31,70,101,11,89,37,10,47,42,81,31,10,41,40,8,6,6,2,44,20,24
WI-500,Wisconsin Balance of State CoC,"3,610","1,847","1,585",7,"3,439",171,"1,547",5,993,3,428,1,7,"1,428",4,119,1,"2,063",854,"1,157","2,011",52,685,285,383,668,17,258,204,3,207,51,211,159,3,162,49,47,45,45,2,247,239,8
WI-501,Milwaukee City & County CoC,"1,442",651,661,41,"1,353",89,867,11,470,9,272,0,41,783,9,84,2,575,181,389,570,5,190,62,126,188,2,106,62,14,76,30,95,51,14,65,30,11,11,11,0,209,198,11
WI-502,Racine City & County CoC,221,117,95,0,212,9,127,3,76,3,42,0,0,118,3,9,0,94,41,53,94,0,31,15,16,31,0,11,9,0,9,2,11,9,0,9,2,0,0,0,0,38,36,2
WI-503,Madison/Dane County CoC,831,421,297,14,732,99,464,3,221,0,139,0,14,374,0,90,3,367,200,158,358,9,110,58,49,107,3,146,84,7,91,55,132,70,7,77,55,14,14,14,0,58,55,3
WV-500,"Wheeling, Weirton Area CoC",89,64,23,0,87,2,58,0,53,0,3,0,0,56,0,2,0,31,11,20,31,0,8,3,5,8,0,28,27,0,27,1,24,23,0,23,1,4,4,4,0,10,10,0
WV-501,"Huntington/Cabell, Wayne Counties CoC",227,125,76,11,212,15,131,0,76,0,29,0,11,116,0,15,0,96,49,47,96,0,32,14,18,32,0,46,27,8,35,11,46,27,8,35,11,0,0,0,0,17,13,4
WV-503,"Charleston/Kanawha, Putnam, Boone, Clay Counties CoC",411,238,117,0,355,56,321,8,185,4,80,4,0,265,8,56,0,90,53,37,90,0,29,16,13,29,0,41,39,0,39,2,41,39,0,39,2,0,0,0,0,45,39,6
WV-508,West Virginia Balance of State CoC,"1,513",673,285,0,958,555,"1,034",9,436,3,165,0,0,601,3,433,6,479,237,120,357,122,159,84,39,123,36,317,149,0,149,168,279,114,0,114,165,38,35,35,3,257,230,27
WY-500,Wyoming Statewide CoC,953,292,209,0,501,452,677,68,245,0,61,0,0,306,0,371,68,276,47,148,195,81,84,11,44,55,29,244,116,0,116,128,221,116,0,116,105,23,0,0,23,137,110,27
,Total,"590,364","236,658","156,015","2,025","394,698","195,666","368,174","7,634","129,278","1,887","71,824","1,292","2,025","203,127","3,179","165,047","4,455","222,190","107,380","84,191","191,571","30,619","70,957","33,586","27,269","60,855","10,102","102,828","36,130","1,438","37,568","65,260","86,289","27,980","1,438","29,418","56,871","16,539","8,150","8,150","8,389","55,619","34,909","20,710"
,,,,,,,,,,,,,,,,,,,,,,,,,,,,,,,,,,,,,,,,,,,,,
"a MO-604 covers territory in both Missouri and Kansas. The record described in this file represents the CoC's total territory, the sum of the point-in-time estimates the CoC separately reported for the portions of its territory in MO and in KS. However, in the companion file, Point-in-Time Estimates by State, MO-604's data have been split up between MO and KS.",,,,,,,,,,,,,,,,,,,,,,,,,,,,,,,,,,,,,,,,,,,,,
,,,,,,,,,,,,,,,,,,,,,,,,,,,,,,,,,,,,,,,,,,,,,
